age,income,loan_amount,emp_length,home_ownership,purpose,credit_history_length,historical_default,default
58,113021.93098045145,13445.224538168111,0,RENT,HOME_IMPROVEMENT,8,0,0
48,96584.10948121634,2947.1576126241307,13,RENT,HOME_IMPROVEMENT,4,0,0
34,56044.533940580564,27080.07217561297,16,MORTGAGE,VENTURE,14,0,1
62,138344.08326747947,38215.92209278976,8,MORTGAGE,HOME_IMPROVEMENT,10,0,0
27,25863.088038642014,25606.159325990597,0,MORTGAGE,VENTURE,1,0,1
40,34230.78782828497,11428.780362726655,0,MORTGAGE,EDUCATION,4,1,1
58,70911.91827024629,3447.774663196527,2,RENT,DEBT_CONSOLIDATION,1,0,0
38,36176.88244859132,11229.007150128522,0,MORTGAGE,DEBT_CONSOLIDATION,17,0,1
42,144334.04068272526,19893.221407056968,0,MORTGAGE,HOME_IMPROVEMENT,17,0,0
30,123738.61187863984,34663.291434091254,3,MORTGAGE,DEBT_CONSOLIDATION,7,0,1
30,53667.744708235776,10077.242659124287,12,RENT,EDUCATION,12,0,0
43,96512.0497665219,32951.0324942515,2,RENT,HOME_IMPROVEMENT,13,0,1
55,147702.96696041062,39278.139139130995,6,RENT,DEBT_CONSOLIDATION,2,0,0
59,134945.8671570954,21519.714468659353,6,MORTGAGE,DEBT_CONSOLIDATION,19,0,0
43,98103.79803748574,37321.57564063151,1,MORTGAGE,DEBT_CONSOLIDATION,13,0,0
22,137484.11573278517,25850.265965509112,4,MORTGAGE,HOME_IMPROVEMENT,4,0,0
41,148594.03827573668,29394.905994478915,1,MORTGAGE,HOME_IMPROVEMENT,15,0,0
21,116635.86697617114,24629.973794542715,0,MORTGAGE,HOME_IMPROVEMENT,3,0,0
43,28448.233232776223,21916.426820307694,7,OWN,DEBT_CONSOLIDATION,9,0,1
63,72205.43073531336,12090.097996361523,0,RENT,EDUCATION,9,0,0
49,128917.3455868219,15037.34455682498,31,RENT,VENTURE,1,1,0
57,49973.99545465247,14468.715114575189,1,OWN,DEBT_CONSOLIDATION,17,0,0
21,127983.5273075812,26221.424031014034,3,RENT,HOME_IMPROVEMENT,3,0,0
40,35644.03906454947,7158.008800027266,3,OWN,MEDICAL,10,1,0
52,26102.89642921569,41422.04270020041,0,OWN,DEBT_CONSOLIDATION,5,0,1
31,69931.77949386244,32988.17124717387,0,MORTGAGE,HOME_IMPROVEMENT,13,0,0
41,24775.15186545977,19262.162129267326,5,MORTGAGE,DEBT_CONSOLIDATION,15,0,1
63,144445.13418783233,8820.838214634252,9,MORTGAGE,EDUCATION,6,0,0
44,127406.74045321556,39925.66329803034,11,MORTGAGE,DEBT_CONSOLIDATION,7,0,0
46,124100.05932688375,37422.457874350104,3,RENT,MEDICAL,17,0,0
61,101871.1299894999,33034.02676683871,9,RENT,EDUCATION,6,0,0
47,48122.12299475196,13676.523038683421,6,RENT,VENTURE,8,0,1
35,87373.84766793098,19305.205409647762,7,MORTGAGE,EDUCATION,12,0,0
34,97645.62941594434,6418.174855454205,4,RENT,HOME_IMPROVEMENT,14,0,0
63,88254.09511183486,10128.699563283863,6,RENT,HOME_IMPROVEMENT,12,0,0
22,53830.33783369855,35669.715404619514,4,RENT,VENTURE,4,0,1
56,86982.23016091436,32746.664910579406,3,MORTGAGE,MEDICAL,15,0,0
26,83854.22431292146,27519.88780796519,8,OWN,HOME_IMPROVEMENT,7,0,0
40,149523.65085487417,40516.24921482543,5,OWN,MEDICAL,9,0,0
28,136666.6992460065,27080.46026596095,1,MORTGAGE,HOME_IMPROVEMENT,10,0,1
58,80239.4972680306,22079.62399843526,0,MORTGAGE,HOME_IMPROVEMENT,10,0,0
37,100981.85978156544,16635.942091147794,2,MORTGAGE,HOME_IMPROVEMENT,16,1,1
23,117223.3085319897,42439.28574665542,4,MORTGAGE,DEBT_CONSOLIDATION,5,0,1
44,24532.470830397237,5556.764845547201,10,MORTGAGE,DEBT_CONSOLIDATION,5,0,0
33,136339.7873596192,42028.15699861476,0,RENT,DEBT_CONSOLIDATION,3,0,0
28,131816.4861343301,37548.73037703379,9,OWN,HOME_IMPROVEMENT,10,0,0
45,79466.17271058194,7586.9867550351555,11,RENT,DEBT_CONSOLIDATION,11,0,0
21,70852.06959044936,26294.327380035902,0,MORTGAGE,HOME_IMPROVEMENT,3,0,1
39,55484.71873132094,39261.563215210736,11,MORTGAGE,MEDICAL,5,1,1
47,81967.98768294789,26587.79403510761,28,RENT,DEBT_CONSOLIDATION,12,0,0
26,25768.96625932078,41009.59232710676,7,RENT,HOME_IMPROVEMENT,4,0,1
63,130785.159335111,42548.30412308982,9,MORTGAGE,DEBT_CONSOLIDATION,15,0,0
27,24604.90789441086,20162.534453925153,9,RENT,DEBT_CONSOLIDATION,9,1,1
54,62776.677498083234,18224.487440471916,5,MORTGAGE,VENTURE,7,0,1
33,141106.63348146869,42261.80962067375,2,MORTGAGE,HOME_IMPROVEMENT,10,0,0
36,115577.64508804886,31031.022629435727,10,MORTGAGE,VENTURE,13,0,0
55,56580.82487507848,6988.975297971279,5,MORTGAGE,DEBT_CONSOLIDATION,8,0,0
59,52844.38221491506,3818.5452165752913,5,MORTGAGE,HOME_IMPROVEMENT,12,0,0
23,20660.678176343376,26279.049192882314,1,MORTGAGE,DEBT_CONSOLIDATION,5,0,1
21,110442.85807046753,41997.351513852256,3,MORTGAGE,DEBT_CONSOLIDATION,1,0,0
25,26341.865617512503,38302.69420345019,0,MORTGAGE,DEBT_CONSOLIDATION,7,0,1
61,89238.32752209908,31061.453097966467,15,MORTGAGE,DEBT_CONSOLIDATION,17,0,0
23,145075.85643696645,7981.981502316764,2,MORTGAGE,DEBT_CONSOLIDATION,5,0,0
48,34230.95180707901,12931.94950119391,0,RENT,DEBT_CONSOLIDATION,11,0,1
37,136282.39102584877,39646.98274176249,3,MORTGAGE,MEDICAL,18,1,0
45,148891.79356885626,9860.711176246721,0,OWN,DEBT_CONSOLIDATION,7,0,0
63,27997.213411100558,13972.894554768685,6,RENT,DEBT_CONSOLIDATION,18,1,1
53,134777.81498786996,7572.828001404004,13,RENT,DEBT_CONSOLIDATION,8,0,0
29,87090.27265767017,31072.653950819677,10,MORTGAGE,HOME_IMPROVEMENT,6,0,0
55,137846.7835277954,42591.239130618014,0,RENT,DEBT_CONSOLIDATION,7,0,1
33,94271.46244954463,13565.625358601596,0,RENT,VENTURE,10,0,0
50,106074.5613138534,22442.48413755317,10,OWN,MEDICAL,11,0,0
34,90691.2580396619,29276.608807581782,15,MORTGAGE,DEBT_CONSOLIDATION,13,0,0
27,132384.0744399553,44977.04867327212,3,RENT,HOME_IMPROVEMENT,9,0,1
33,115408.28946398123,6506.746794895601,4,OWN,DEBT_CONSOLIDATION,7,0,0
42,87763.84058345394,23438.544378745493,2,OWN,EDUCATION,9,0,1
59,132860.90452670108,18560.165155807503,13,MORTGAGE,HOME_IMPROVEMENT,13,0,0
40,51887.11919319349,39230.26710456127,6,RENT,DEBT_CONSOLIDATION,3,1,1
35,40454.28576132838,22466.612433501203,2,MORTGAGE,DEBT_CONSOLIDATION,3,0,1
64,40852.01369290937,6772.033557161368,2,MORTGAGE,EDUCATION,1,0,0
37,63421.154236880924,29280.238247323097,13,MORTGAGE,HOME_IMPROVEMENT,2,0,0
43,51029.704069132276,35143.56658534683,0,MORTGAGE,DEBT_CONSOLIDATION,3,0,1
45,140911.745566266,2123.8938216214274,2,MORTGAGE,EDUCATION,15,0,0
44,33758.43219771592,38935.13747308707,4,RENT,HOME_IMPROVEMENT,6,0,1
64,110868.7959451464,9998.989000243622,0,MORTGAGE,VENTURE,13,0,0
60,44598.80017205076,25738.982680095247,0,RENT,DEBT_CONSOLIDATION,1,0,1
48,134612.8272601455,19879.292529560356,10,MORTGAGE,VENTURE,19,0,0
34,144970.98746403796,32945.11411425281,13,MORTGAGE,EDUCATION,1,0,0
64,80511.10114009786,17959.949435786897,10,RENT,DEBT_CONSOLIDATION,2,0,0
20,134279.29242965713,39399.81659731356,2,MORTGAGE,EDUCATION,2,0,0
44,20668.87219811292,33411.34352122798,4,RENT,HOME_IMPROVEMENT,14,0,1
26,126593.09926305301,29851.666355705624,8,RENT,MEDICAL,8,0,1
28,49721.270998240056,36238.34560920273,2,MORTGAGE,DEBT_CONSOLIDATION,10,0,1
43,138131.17020501784,34422.99050192044,6,RENT,EDUCATION,15,0,0
20,20145.61449241423,3545.3630216267934,2,MORTGAGE,DEBT_CONSOLIDATION,2,0,0
63,92303.62555516842,18973.57721532761,1,RENT,MEDICAL,9,0,1
27,118362.6544920415,42024.71378460906,2,MORTGAGE,DEBT_CONSOLIDATION,5,0,1
43,53629.48299072804,7406.143566665727,3,MORTGAGE,MEDICAL,2,0,0
30,45107.2723963481,33695.151668578204,0,MORTGAGE,MEDICAL,6,0,1
36,30932.769180838004,43907.44788741918,0,MORTGAGE,DEBT_CONSOLIDATION,18,0,1
27,62436.36494542808,4244.54104893378,9,OWN,VENTURE,9,0,0
54,92779.76060014783,31334.33686694425,22,RENT,MEDICAL,9,0,0
54,35059.70138143349,22130.628075944307,3,RENT,DEBT_CONSOLIDATION,6,0,1
52,68970.39705828384,26904.53598111305,0,MORTGAGE,HOME_IMPROVEMENT,14,0,0
24,21179.412604854246,5669.677468825968,0,RENT,HOME_IMPROVEMENT,6,0,0
61,126428.32466497943,3849.2989302783976,13,OWN,DEBT_CONSOLIDATION,11,0,0
58,36698.333352114874,30675.26640368963,3,RENT,DEBT_CONSOLIDATION,12,0,1
60,56834.583274525605,37402.30548229087,2,MORTGAGE,DEBT_CONSOLIDATION,19,0,1
47,22395.60343596827,35626.65940211759,3,MORTGAGE,DEBT_CONSOLIDATION,19,1,1
26,76191.30190602661,25383.646298248208,2,RENT,HOME_IMPROVEMENT,8,1,0
28,129215.79535635845,6294.2733088556615,4,MORTGAGE,DEBT_CONSOLIDATION,10,0,0
27,70979.65748787555,31585.911084948595,9,RENT,VENTURE,9,0,0
31,43334.65204509834,12401.221992828276,5,MORTGAGE,EDUCATION,13,0,0
53,117980.84842656749,41175.954218997496,7,RENT,DEBT_CONSOLIDATION,12,0,0
52,122544.90764319676,38045.41046046531,2,OWN,EDUCATION,4,0,0
42,42587.95178998368,32503.467584757807,8,OWN,EDUCATION,10,1,1
43,120211.03411032868,42800.376100738606,6,RENT,MEDICAL,17,0,1
56,143148.72547332395,3351.138324984736,0,RENT,DEBT_CONSOLIDATION,4,0,0
54,41629.086301195406,33656.61827761277,5,MORTGAGE,DEBT_CONSOLIDATION,12,0,1
63,120227.95802917762,16200.439511465429,1,RENT,MEDICAL,13,0,0
59,112114.36059834182,40960.8330845137,9,MORTGAGE,MEDICAL,4,1,0
41,81564.6054965615,13467.033456465037,3,MORTGAGE,EDUCATION,10,0,0
46,27529.659872643777,33168.82947054574,28,RENT,VENTURE,3,0,1
54,29710.274308521024,39738.8218449836,0,MORTGAGE,DEBT_CONSOLIDATION,15,0,1
20,130813.9056958242,3791.243190455344,2,MORTGAGE,HOME_IMPROVEMENT,2,0,0
54,148719.2884575841,19098.845922457553,6,OWN,DEBT_CONSOLIDATION,17,0,0
56,107886.79343427808,34779.28837694336,8,OWN,DEBT_CONSOLIDATION,6,0,0
33,77974.57991134179,21561.512248826246,2,RENT,VENTURE,8,0,1
22,104184.57364224798,13491.863081124598,4,RENT,DEBT_CONSOLIDATION,3,0,0
20,97271.4616997109,11451.629999397172,2,OWN,HOME_IMPROVEMENT,2,0,0
24,69869.59385273083,7655.28547740425,1,OWN,MEDICAL,1,0,0
45,28531.39879462168,38856.57107382014,1,RENT,DEBT_CONSOLIDATION,16,0,1
33,126796.68316296733,26740.282339816906,4,MORTGAGE,MEDICAL,7,0,0
58,68338.35880103419,5284.552634632608,4,MORTGAGE,MEDICAL,3,1,0
46,126442.13363642218,18450.953913537323,1,RENT,HOME_IMPROVEMENT,4,1,1
28,52826.13745948969,17812.546984619723,2,MORTGAGE,DEBT_CONSOLIDATION,9,0,0
34,20133.83237993234,9814.785200506907,1,RENT,DEBT_CONSOLIDATION,5,0,0
34,40661.976825978345,20726.8278953042,8,OWN,HOME_IMPROVEMENT,16,0,0
45,80910.12417991596,16280.272711904867,6,RENT,DEBT_CONSOLIDATION,15,0,1
61,142759.4725445179,16697.55933616385,10,MORTGAGE,DEBT_CONSOLIDATION,8,0,0
32,33285.17056018347,33778.141984882226,14,RENT,MEDICAL,6,0,1
51,131047.27068000358,11600.32557672344,3,MORTGAGE,DEBT_CONSOLIDATION,18,0,0
58,88513.13250754208,29599.97823078028,0,MORTGAGE,EDUCATION,19,0,1
51,127369.69955398656,26537.9338268802,0,RENT,DEBT_CONSOLIDATION,15,0,1
23,58788.67602869904,26427.978030528295,2,MORTGAGE,HOME_IMPROVEMENT,5,0,1
49,129193.13140742134,30509.315884096366,16,MORTGAGE,MEDICAL,10,0,0
56,120466.96140218458,25580.42755641312,4,RENT,DEBT_CONSOLIDATION,6,0,0
42,49906.978794086404,39807.96993839454,1,MORTGAGE,DEBT_CONSOLIDATION,14,1,1
58,37073.56643321915,31049.943953861173,3,RENT,EDUCATION,17,0,1
64,132847.06192919807,25519.41980896969,5,MORTGAGE,EDUCATION,9,1,1
34,145220.76494721713,37679.81417236873,6,MORTGAGE,EDUCATION,16,0,0
62,24069.30078717711,28064.30229213963,1,MORTGAGE,DEBT_CONSOLIDATION,5,0,1
48,115065.10870657912,14519.202654762697,22,RENT,DEBT_CONSOLIDATION,7,0,0
55,138238.1864232164,10905.081481592562,4,MORTGAGE,MEDICAL,19,0,0
32,131456.81197202482,8550.094783495188,0,MORTGAGE,MEDICAL,7,0,0
51,145387.66139512713,40676.57413948237,13,MORTGAGE,HOME_IMPROVEMENT,2,0,0
26,118812.23019695263,32535.82356731683,0,MORTGAGE,VENTURE,8,0,1
41,77498.83910951833,42307.272841065795,14,MORTGAGE,HOME_IMPROVEMENT,13,0,1
47,60553.75876436696,27941.54764574255,29,RENT,HOME_IMPROVEMENT,8,0,0
21,61696.556256956566,22356.23790428124,3,RENT,DEBT_CONSOLIDATION,3,1,1
61,114174.9474398352,4567.809025748241,8,RENT,HOME_IMPROVEMENT,6,0,0
64,116958.81156402537,30880.61810647928,2,RENT,HOME_IMPROVEMENT,9,0,0
25,46046.68866133265,27034.97667003394,7,RENT,DEBT_CONSOLIDATION,4,0,1
47,132855.96575376904,44578.98242426772,4,RENT,HOME_IMPROVEMENT,11,1,1
47,112940.12522629219,12283.82744463645,7,RENT,VENTURE,5,1,1
63,93157.53722463975,24821.706277333942,15,RENT,EDUCATION,17,0,0
63,81299.21981332665,29991.165410077123,22,RENT,EDUCATION,7,0,0
39,90620.26475269455,29717.420513920777,10,RENT,MEDICAL,15,0,1
49,40701.945976304385,26135.622346781318,2,RENT,DEBT_CONSOLIDATION,15,1,1
30,46481.162405915646,35407.90444407069,12,MORTGAGE,HOME_IMPROVEMENT,12,0,0
47,31851.38375280492,10814.192009653107,5,MORTGAGE,VENTURE,13,1,1
44,39975.54496094465,33201.96961179988,16,RENT,HOME_IMPROVEMENT,11,0,1
58,78980.17249868675,28648.586571622836,6,MORTGAGE,DEBT_CONSOLIDATION,13,0,1
52,88946.07118467329,40531.22980716665,2,RENT,DEBT_CONSOLIDATION,9,1,0
20,22322.04602218152,38429.360878444015,2,RENT,VENTURE,2,0,1
46,123583.71762232357,15551.32268269979,4,RENT,HOME_IMPROVEMENT,4,0,0
32,58241.836534652124,13878.204973931583,9,MORTGAGE,VENTURE,14,0,0
60,138538.68454478844,44211.092925655255,2,MORTGAGE,HOME_IMPROVEMENT,14,1,0
22,145776.4642697911,24672.40277935603,4,RENT,EDUCATION,4,0,0
58,44109.65370796506,40976.101448320784,2,RENT,VENTURE,11,0,1
25,80072.64779953589,9046.884022560735,7,MORTGAGE,EDUCATION,7,0,0
27,20160.138571635365,29641.213336407494,3,RENT,DEBT_CONSOLIDATION,1,0,1
46,97782.5444659155,36823.98805650521,0,RENT,HOME_IMPROVEMENT,7,0,1
28,98949.83827414726,42737.99573221721,1,MORTGAGE,VENTURE,10,0,1
56,52180.19422843877,16505.62606373201,0,MORTGAGE,DEBT_CONSOLIDATION,9,0,1
52,92593.64743581573,33174.19030673426,4,MORTGAGE,DEBT_CONSOLIDATION,3,0,0
61,49320.21851768561,25168.959388703617,0,MORTGAGE,DEBT_CONSOLIDATION,14,1,0
63,40907.31098016471,4607.043820858133,0,RENT,MEDICAL,15,0,0
43,104697.53068429441,31669.988704284566,16,RENT,DEBT_CONSOLIDATION,2,0,0
34,62370.31031376973,31674.152004227268,12,MORTGAGE,EDUCATION,14,1,1
51,96734.31205513093,42016.09260840109,3,RENT,HOME_IMPROVEMENT,16,0,0
51,76322.07736631524,23384.435185265815,25,MORTGAGE,HOME_IMPROVEMENT,7,0,0
43,147965.6829623775,11900.78959055213,0,OWN,EDUCATION,4,0,0
60,39445.48354678355,3916.2444082932034,5,OWN,DEBT_CONSOLIDATION,18,0,0
31,80397.81756265531,19872.614027493946,5,RENT,HOME_IMPROVEMENT,5,0,1
58,108459.36142671228,14982.418103332579,3,MORTGAGE,VENTURE,6,0,0
21,71420.86090439593,34726.79715902665,3,MORTGAGE,VENTURE,3,0,0
22,146710.9807431897,17233.513888165005,3,MORTGAGE,DEBT_CONSOLIDATION,4,0,0
56,113845.39163050156,42810.06144153829,3,RENT,VENTURE,1,0,0
36,105407.90148338409,43379.33872847472,7,RENT,EDUCATION,4,0,0
21,118417.70478945904,28699.06937936145,0,RENT,VENTURE,1,0,1
21,143844.3229450332,41932.39234163996,1,RENT,HOME_IMPROVEMENT,3,0,0
47,138016.4248880032,34716.73681412332,1,RENT,HOME_IMPROVEMENT,18,0,0
42,114157.09005643355,25514.964561930425,1,MORTGAGE,MEDICAL,14,0,0
56,117391.0130831668,9753.241223179459,4,MORTGAGE,VENTURE,11,0,0
51,38969.869624568906,21719.71157109512,0,RENT,HOME_IMPROVEMENT,10,0,1
52,33363.01258404654,26117.601924592556,12,MORTGAGE,DEBT_CONSOLIDATION,17,1,1
20,94217.58523974135,39150.347971605435,2,RENT,DEBT_CONSOLIDATION,2,1,1
38,22387.7928022702,22697.33519103359,1,MORTGAGE,DEBT_CONSOLIDATION,15,0,1
21,82706.32960170691,40600.010925152135,3,OWN,DEBT_CONSOLIDATION,3,0,1
63,47345.445389452914,30997.006098009162,0,OWN,DEBT_CONSOLIDATION,13,0,1
45,64982.153793829144,7890.959711307869,5,MORTGAGE,VENTURE,9,1,1
51,120854.61565308429,44784.198880979,7,RENT,DEBT_CONSOLIDATION,11,0,0
25,142360.87555021024,24671.004412418242,1,RENT,EDUCATION,7,0,0
51,29414.115379024395,18849.906745590393,0,MORTGAGE,DEBT_CONSOLIDATION,6,0,0
23,89451.48677693786,30341.89187218964,2,OWN,DEBT_CONSOLIDATION,1,0,1
30,134729.353156548,6682.41250118468,0,RENT,DEBT_CONSOLIDATION,6,1,1
36,30726.109477254766,29371.16181039424,0,RENT,DEBT_CONSOLIDATION,13,0,1
57,127186.8260965884,23424.148021468736,1,MORTGAGE,VENTURE,5,0,0
43,66514.17562067528,19486.985009939075,2,RENT,VENTURE,15,0,1
24,61872.31128851359,42979.86091069267,4,MORTGAGE,DEBT_CONSOLIDATION,6,0,1
53,147070.63022092215,24469.207819478288,6,MORTGAGE,HOME_IMPROVEMENT,14,0,0
25,46111.68168209824,11422.051617207353,5,RENT,HOME_IMPROVEMENT,7,0,1
41,110115.21230694852,21735.42961322384,0,RENT,VENTURE,5,0,0
30,126787.29464128264,41533.65839662492,1,MORTGAGE,VENTURE,4,0,0
35,25353.85438630532,9572.105267215571,12,MORTGAGE,HOME_IMPROVEMENT,2,0,1
52,107150.10958607358,11200.152663594186,4,OWN,EDUCATION,7,0,0
28,143701.49666619248,2560.271413554601,10,RENT,VENTURE,10,0,0
25,36148.59567464772,2610.1721240179886,2,RENT,DEBT_CONSOLIDATION,7,0,1
35,136508.769349055,37663.83995921604,5,MORTGAGE,HOME_IMPROVEMENT,10,0,0
48,97320.9628590017,33481.2720942471,4,MORTGAGE,MEDICAL,18,0,0
22,100158.59564212163,17266.765427434206,2,RENT,EDUCATION,4,0,1
39,99682.74273252877,32027.37976078563,3,MORTGAGE,HOME_IMPROVEMENT,13,0,1
55,58848.665223850796,18993.854831328717,4,RENT,HOME_IMPROVEMENT,1,0,0
38,141576.23598892975,42974.56222790658,1,RENT,DEBT_CONSOLIDATION,1,0,0
45,143155.560142035,43583.2653013195,2,RENT,HOME_IMPROVEMENT,15,0,0
22,101289.60582781321,18890.132359801766,4,RENT,EDUCATION,1,0,0
38,121844.9543724099,38731.541972657324,14,MORTGAGE,HOME_IMPROVEMENT,6,1,0
39,99593.53816455054,35242.828792991044,2,MORTGAGE,EDUCATION,13,0,1
51,82971.79818462528,15329.997298386941,2,MORTGAGE,VENTURE,1,1,1
26,105906.61537890258,11977.712642747556,1,OWN,DEBT_CONSOLIDATION,5,0,0
60,91890.18883695459,21704.089966891854,6,RENT,HOME_IMPROVEMENT,9,0,0
52,97671.86214215092,35598.000146419465,2,RENT,HOME_IMPROVEMENT,17,0,1
59,121898.23194445205,43287.21474333605,26,RENT,EDUCATION,16,0,0
58,82517.49808836804,34833.89996126262,2,RENT,DEBT_CONSOLIDATION,8,0,1
37,25298.03379202146,38773.90035578991,3,MORTGAGE,EDUCATION,17,0,1
59,41319.93252863464,27931.76516533221,5,MORTGAGE,VENTURE,15,0,1
20,77018.93814363999,37922.536726211416,2,MORTGAGE,HOME_IMPROVEMENT,1,0,0
30,114227.45278362758,35730.09689414696,3,RENT,MEDICAL,12,0,0
47,97126.22428032324,18210.378302830046,3,RENT,MEDICAL,5,0,0
44,104538.24416354901,25735.582991191008,26,MORTGAGE,DEBT_CONSOLIDATION,6,0,1
42,82306.26071491736,36604.38424555688,0,RENT,DEBT_CONSOLIDATION,1,0,1
50,100046.46285249156,3980.439570168124,13,MORTGAGE,MEDICAL,1,0,0
49,62772.26691590608,36747.40914130069,0,OWN,MEDICAL,10,0,1
61,81123.73705056646,9649.189334108007,9,RENT,DEBT_CONSOLIDATION,10,0,0
54,116756.27852734423,24131.395536221877,5,MORTGAGE,DEBT_CONSOLIDATION,3,0,1
26,133338.26126650575,36755.84390090532,2,MORTGAGE,DEBT_CONSOLIDATION,8,0,0
35,76375.19341433056,12914.306360737879,12,RENT,MEDICAL,17,0,0
45,25676.015501956954,12569.719890164579,0,MORTGAGE,DEBT_CONSOLIDATION,11,0,1
21,41017.430739084346,19318.86913387683,1,RENT,HOME_IMPROVEMENT,3,1,1
20,22711.948107899952,40469.64029583828,2,RENT,VENTURE,2,0,1
31,104924.1925008529,2019.039601799939,2,MORTGAGE,DEBT_CONSOLIDATION,9,0,0
24,63200.90129616416,40759.473155603206,5,MORTGAGE,EDUCATION,6,0,1
56,90522.22264351777,8613.702059589134,0,RENT,DEBT_CONSOLIDATION,14,0,0
51,84125.99008189395,44573.71417090173,0,RENT,VENTURE,4,0,1
28,30598.443641815473,43058.420700654126,0,MORTGAGE,DEBT_CONSOLIDATION,10,0,1
60,72423.97694609813,23271.03315242518,1,MORTGAGE,EDUCATION,17,0,0
54,48672.94623990203,24046.97065594301,3,MORTGAGE,EDUCATION,12,1,0
38,74391.97252679485,22706.621631861733,8,RENT,DEBT_CONSOLIDATION,18,0,1
35,46465.176444491546,29324.076763359473,14,OWN,DEBT_CONSOLIDATION,3,0,0
22,129258.81281600136,5901.033196102035,4,RENT,HOME_IMPROVEMENT,4,0,1
39,42645.133755172974,3402.5717786873597,1,MORTGAGE,DEBT_CONSOLIDATION,18,0,0
43,144901.471693307,4481.225921883651,3,RENT,VENTURE,4,0,0
52,74067.9575991023,21107.710017385118,1,MORTGAGE,VENTURE,17,0,0
43,130011.88796247641,13848.561386437786,1,RENT,HOME_IMPROVEMENT,18,0,0
30,101739.42636677287,28747.701181952732,4,MORTGAGE,EDUCATION,5,0,0
27,115595.53882654784,44675.01844311549,0,RENT,EDUCATION,9,0,1
55,119804.10544868144,18611.896442288034,1,RENT,VENTURE,10,0,1
57,85629.83464609232,26675.173926494073,16,MORTGAGE,HOME_IMPROVEMENT,15,0,0
59,90629.0680372275,19870.967524015425,3,MORTGAGE,DEBT_CONSOLIDATION,1,1,0
39,86819.46281513425,38432.68171203995,3,OWN,DEBT_CONSOLIDATION,16,0,1
54,96447.5891517103,40796.16534887624,0,RENT,HOME_IMPROVEMENT,11,0,1
44,23821.27794834595,39726.29132482618,1,MORTGAGE,HOME_IMPROVEMENT,6,0,1
54,71416.97208037198,43898.00626320807,12,MORTGAGE,HOME_IMPROVEMENT,16,0,1
44,98804.5327629523,3183.3249610378575,1,RENT,DEBT_CONSOLIDATION,2,0,0
48,97704.06348326236,38112.09497225783,3,RENT,EDUCATION,1,0,1
37,123084.2922987321,34326.20344068101,0,MORTGAGE,DEBT_CONSOLIDATION,9,0,1
65,105151.21404817411,11833.859604215686,3,OWN,DEBT_CONSOLIDATION,12,1,0
37,148977.3311242874,43121.764015663684,0,MORTGAGE,HOME_IMPROVEMENT,17,0,0
21,56901.08871912385,8371.650913887655,3,MORTGAGE,DEBT_CONSOLIDATION,3,0,0
54,66689.63385661009,31220.64686675806,10,MORTGAGE,HOME_IMPROVEMENT,19,0,0
35,69900.12974281351,11670.279323084236,9,RENT,DEBT_CONSOLIDATION,10,0,1
60,80555.66491263232,20549.36789728521,1,MORTGAGE,HOME_IMPROVEMENT,12,0,0
55,128679.74829155723,32923.875568616466,10,MORTGAGE,HOME_IMPROVEMENT,14,0,1
52,50652.97221469728,26222.959607421006,4,RENT,DEBT_CONSOLIDATION,9,0,0
23,120880.02691460583,20382.578747108804,2,MORTGAGE,DEBT_CONSOLIDATION,5,1,1
52,72690.32380114665,16032.55253007545,5,RENT,VENTURE,3,0,0
33,98241.1998760611,38105.365195477985,0,OWN,HOME_IMPROVEMENT,14,0,1
40,102230.2693194198,8184.01706353699,0,RENT,HOME_IMPROVEMENT,10,0,1
39,68470.32283456148,20494.4236907814,8,RENT,DEBT_CONSOLIDATION,16,0,0
27,86639.97667675467,40861.57558633111,1,RENT,HOME_IMPROVEMENT,7,0,1
26,73694.05270420061,38371.53066977861,5,MORTGAGE,HOME_IMPROVEMENT,4,1,1
22,28987.26220426053,19240.49578634101,2,RENT,HOME_IMPROVEMENT,4,0,1
36,76831.50054618745,34813.65963485626,11,MORTGAGE,EDUCATION,16,0,0
52,32661.141031961783,37395.915720480945,18,MORTGAGE,DEBT_CONSOLIDATION,4,0,1
31,72652.7038804418,40222.15923215608,12,MORTGAGE,DEBT_CONSOLIDATION,13,0,0
41,97079.39197813164,25413.748069116802,1,RENT,VENTURE,13,0,0
41,95323.9369146551,10791.818100352608,1,MORTGAGE,MEDICAL,11,0,0
65,106140.76627108165,12978.290289669061,3,RENT,DEBT_CONSOLIDATION,3,0,0
49,32383.996034101416,14714.870983788982,0,MORTGAGE,HOME_IMPROVEMENT,9,0,1
57,104776.02191895692,27533.506674813467,0,RENT,DEBT_CONSOLIDATION,6,0,1
57,60579.24737053812,3410.813837530163,4,OWN,DEBT_CONSOLIDATION,11,0,0
64,71875.97299782444,29349.826157538635,4,MORTGAGE,DEBT_CONSOLIDATION,16,0,0
27,131538.21300995175,17667.232252413974,9,MORTGAGE,DEBT_CONSOLIDATION,9,0,0
46,21173.952536841534,14695.397507054613,1,MORTGAGE,EDUCATION,5,0,1
46,96493.6423342787,39818.35254130943,1,RENT,HOME_IMPROVEMENT,14,0,1
53,97832.81741301398,21780.103009974355,0,RENT,DEBT_CONSOLIDATION,17,0,0
40,71565.77092466305,6087.28095790579,14,MORTGAGE,DEBT_CONSOLIDATION,3,0,0
49,50813.6214240837,37550.11102512862,9,OWN,VENTURE,4,0,1
52,50507.62497400164,4048.574069769784,10,RENT,DEBT_CONSOLIDATION,16,0,0
47,134882.25705589785,33250.21663923246,13,MORTGAGE,EDUCATION,16,0,0
52,77463.16859177148,35277.9675361386,4,MORTGAGE,DEBT_CONSOLIDATION,4,0,1
24,63015.617188592354,17161.9120549409,3,MORTGAGE,HOME_IMPROVEMENT,6,0,0
38,78341.0845980824,37465.87781994483,2,RENT,DEBT_CONSOLIDATION,17,0,1
23,107020.75218971698,24173.354451827498,5,RENT,DEBT_CONSOLIDATION,5,0,1
54,38948.353871817715,21921.627090730264,3,RENT,DEBT_CONSOLIDATION,1,0,1
36,78426.3985777859,3952.34110315378,3,MORTGAGE,DEBT_CONSOLIDATION,12,0,0
63,96424.9682443503,14471.255326902954,16,MORTGAGE,HOME_IMPROVEMENT,4,0,0
47,143315.8361306864,42033.42874806789,24,MORTGAGE,EDUCATION,11,0,0
49,52828.6116698045,18848.4304211905,9,OWN,DEBT_CONSOLIDATION,5,0,0
48,66702.59722911193,25508.122383941038,8,MORTGAGE,DEBT_CONSOLIDATION,2,1,0
65,69316.6166899151,24876.93219632283,6,MORTGAGE,HOME_IMPROVEMENT,17,0,0
25,98719.96049383476,27388.53686237581,1,MORTGAGE,EDUCATION,7,1,1
54,66375.16689520021,4637.231092661153,0,RENT,MEDICAL,6,0,0
60,89356.55028896042,17573.578956345315,7,OWN,HOME_IMPROVEMENT,9,0,0
56,121632.74287985382,33094.51577694983,7,MORTGAGE,HOME_IMPROVEMENT,13,0,1
43,111700.12723458647,10624.090796138265,0,RENT,HOME_IMPROVEMENT,11,0,0
48,78027.92404663612,10753.870234493499,15,RENT,MEDICAL,16,0,0
65,132348.10309764196,2433.8960876280635,0,RENT,VENTURE,16,0,0
50,92558.23244720217,20811.722844153017,2,MORTGAGE,DEBT_CONSOLIDATION,2,0,0
54,90187.75913528762,39957.57836895715,6,MORTGAGE,DEBT_CONSOLIDATION,10,0,0
52,24444.409572090564,4231.740574254287,1,OWN,DEBT_CONSOLIDATION,12,0,0
40,148270.087446431,10218.104508328113,0,OWN,HOME_IMPROVEMENT,8,0,0
51,35986.20510885147,15333.635148738467,2,RENT,EDUCATION,11,0,0
42,50047.01861559406,33464.16367226116,8,RENT,HOME_IMPROVEMENT,10,0,0
52,26720.588841398505,29547.33049051122,3,RENT,DEBT_CONSOLIDATION,13,0,1
22,103200.38568879878,19885.587897019766,4,MORTGAGE,EDUCATION,4,0,0
37,49211.153006448396,34639.96438811015,5,RENT,VENTURE,7,1,1
44,43401.35687145406,28214.133501246783,0,MORTGAGE,DEBT_CONSOLIDATION,3,0,1
61,31512.22594902138,40529.75438526042,26,MORTGAGE,EDUCATION,13,0,1
50,33430.164426122035,37175.150212963796,0,MORTGAGE,HOME_IMPROVEMENT,19,0,1
22,96007.19105753653,12870.985061835625,4,RENT,VENTURE,4,1,1
59,109467.02256265741,13671.85883827061,4,OWN,VENTURE,9,0,0
65,71659.26850037213,7390.328459072582,19,OWN,HOME_IMPROVEMENT,19,0,0
43,82386.62060696952,16489.48320585063,0,RENT,EDUCATION,13,0,0
51,109175.80567778794,44980.38850492106,4,MORTGAGE,VENTURE,8,0,0
41,22259.372724112352,19447.300250447624,1,OWN,HOME_IMPROVEMENT,18,0,1
42,62006.98541913621,11481.002691631575,0,RENT,DEBT_CONSOLIDATION,2,0,0
21,146502.70724914502,34786.76403244878,3,MORTGAGE,VENTURE,3,0,1
46,95414.58986041085,25326.25314889421,1,RENT,DEBT_CONSOLIDATION,18,1,1
61,53049.195386674124,8432.86232965896,5,MORTGAGE,DEBT_CONSOLIDATION,11,0,0
21,87824.90606270771,18369.656289917228,0,RENT,VENTURE,1,0,1
45,64544.95345571899,19822.197768191763,2,MORTGAGE,EDUCATION,14,0,0
36,89191.84854741888,34414.677124476395,9,RENT,HOME_IMPROVEMENT,16,0,0
59,36346.39653486435,2888.868862351892,3,MORTGAGE,DEBT_CONSOLIDATION,11,0,0
52,37252.904996506055,13567.84481232735,5,OWN,DEBT_CONSOLIDATION,1,0,0
28,38660.50706512107,24256.640956567448,6,MORTGAGE,DEBT_CONSOLIDATION,7,0,1
62,142176.5729504894,13560.409925472264,11,MORTGAGE,DEBT_CONSOLIDATION,16,0,0
58,115276.85938437443,29022.664039016952,2,MORTGAGE,EDUCATION,14,0,0
48,41109.64630610171,22720.301608808513,6,RENT,DEBT_CONSOLIDATION,15,0,1
61,44485.38088952818,17553.540958961967,19,RENT,HOME_IMPROVEMENT,14,0,0
45,115007.83173321393,42815.97095543203,7,OWN,DEBT_CONSOLIDATION,11,0,0
54,40301.29982298261,29182.858465017667,4,RENT,MEDICAL,16,0,1
44,50492.96813352773,7587.479007521472,5,RENT,DEBT_CONSOLIDATION,19,0,0
43,145235.08826665187,26083.942990066007,8,MORTGAGE,DEBT_CONSOLIDATION,17,0,0
32,53189.84821469614,35571.469687638746,5,RENT,DEBT_CONSOLIDATION,6,0,1
26,106012.20554824908,32465.056992190286,0,RENT,HOME_IMPROVEMENT,8,0,1
55,147222.06736206895,9399.836859696154,1,OWN,HOME_IMPROVEMENT,17,0,0
64,68658.57972817305,43814.05995872444,9,MORTGAGE,HOME_IMPROVEMENT,9,0,1
39,22277.07881206809,21298.986767104056,1,MORTGAGE,HOME_IMPROVEMENT,18,0,1
20,51739.147754908656,8838.075160831235,2,OWN,DEBT_CONSOLIDATION,2,0,1
27,128014.0348744217,9748.417427510361,2,MORTGAGE,HOME_IMPROVEMENT,9,0,0
65,132399.14867415477,6224.104664130461,4,MORTGAGE,HOME_IMPROVEMENT,5,1,0
35,119907.51738809286,36551.27866270218,0,RENT,DEBT_CONSOLIDATION,11,0,0
33,34704.2764799545,7247.311255839491,1,RENT,DEBT_CONSOLIDATION,4,0,0
31,123416.34832053242,7380.386057095118,13,MORTGAGE,DEBT_CONSOLIDATION,4,1,0
42,139428.11360915555,38570.279434716016,13,MORTGAGE,DEBT_CONSOLIDATION,3,0,0
34,98079.2405310107,16817.975631245063,6,MORTGAGE,EDUCATION,16,0,0
47,142313.79632394842,3326.889885247115,3,RENT,DEBT_CONSOLIDATION,7,0,0
53,127489.05488254406,4231.497879291668,6,RENT,DEBT_CONSOLIDATION,4,0,0
21,106706.29720881795,8113.329208267509,3,MORTGAGE,DEBT_CONSOLIDATION,3,0,0
51,95034.08077252726,11175.91396295465,5,RENT,MEDICAL,12,1,0
42,65314.57674145616,30601.28635225143,0,MORTGAGE,VENTURE,1,0,1
41,40707.36788156467,8765.030040078615,6,RENT,DEBT_CONSOLIDATION,19,0,0
44,98644.0099497703,7111.5988206140955,8,RENT,DEBT_CONSOLIDATION,18,0,0
41,61354.50197035554,34882.923083480004,23,MORTGAGE,DEBT_CONSOLIDATION,11,0,1
41,132637.0267785939,30855.37720597632,0,MORTGAGE,HOME_IMPROVEMENT,3,0,0
61,149133.8018566217,20718.941522575155,7,RENT,DEBT_CONSOLIDATION,17,0,0
25,117815.60914002443,25620.32017364447,5,RENT,EDUCATION,7,0,0
34,31762.620387316598,15415.312874035995,3,MORTGAGE,HOME_IMPROVEMENT,10,0,1
62,57529.12741898296,22747.51807012051,0,RENT,VENTURE,8,1,1
56,34184.252129547465,23786.923906258067,3,MORTGAGE,DEBT_CONSOLIDATION,15,0,1
52,104566.51421292305,18651.202660658124,2,OWN,VENTURE,5,0,0
27,119474.812392252,40982.605058903,2,RENT,VENTURE,4,0,1
63,140337.72801449255,2690.660194183264,7,OWN,DEBT_CONSOLIDATION,19,0,0
63,76962.4050335584,35633.364312923586,7,RENT,DEBT_CONSOLIDATION,4,0,0
24,137178.83444649776,7348.461743376945,5,MORTGAGE,DEBT_CONSOLIDATION,6,0,0
58,134125.85067537258,36294.536503099574,16,RENT,DEBT_CONSOLIDATION,17,0,0
23,61235.44317950182,28484.212374099014,2,OWN,DEBT_CONSOLIDATION,5,0,1
25,132957.0813202742,38260.9579102653,1,RENT,HOME_IMPROVEMENT,3,1,1
64,68837.39274462443,6193.1160025585905,6,RENT,HOME_IMPROVEMENT,10,0,0
51,58593.0056928365,26036.167266290286,1,OWN,MEDICAL,15,1,0
49,104379.7056432711,23546.778851274474,2,MORTGAGE,DEBT_CONSOLIDATION,10,0,0
54,62689.55962506054,32366.30686742442,1,MORTGAGE,MEDICAL,18,0,1
59,101927.13728278874,24974.493731428058,0,RENT,DEBT_CONSOLIDATION,1,0,0
35,99278.13471483029,25251.58638672348,10,MORTGAGE,VENTURE,3,0,1
32,93247.06055529964,20472.62557377078,1,RENT,DEBT_CONSOLIDATION,12,0,1
61,69454.5615502637,15279.880232315656,3,RENT,DEBT_CONSOLIDATION,1,0,0
49,91304.96381469198,22737.367533844263,0,MORTGAGE,VENTURE,3,0,0
38,97543.11174810481,7095.171427041225,7,RENT,DEBT_CONSOLIDATION,3,1,1
36,90939.29550441155,43345.07357627265,2,OWN,EDUCATION,5,0,0
38,77774.5288576562,32719.662835943727,8,OWN,HOME_IMPROVEMENT,19,0,0
47,21906.717416014297,42956.086017577414,3,MORTGAGE,HOME_IMPROVEMENT,1,0,1
45,96318.02200114963,11749.27744018842,1,MORTGAGE,HOME_IMPROVEMENT,4,0,0
56,41897.77006855355,39811.66386759071,4,MORTGAGE,EDUCATION,4,0,1
45,103534.87596313465,36777.969336232156,0,RENT,DEBT_CONSOLIDATION,17,0,0
42,118714.76262997258,31117.55373567997,3,MORTGAGE,EDUCATION,14,0,0
28,85057.8901869964,28876.25500166385,2,RENT,VENTURE,10,0,0
31,90507.27644736598,15611.63560651841,13,RENT,DEBT_CONSOLIDATION,1,0,0
20,143692.21275657887,37105.66375349632,0,MORTGAGE,DEBT_CONSOLIDATION,2,0,1
20,130131.75697843464,23565.164843628554,2,MORTGAGE,EDUCATION,2,0,0
53,138850.7470736911,5048.337763325271,1,MORTGAGE,HOME_IMPROVEMENT,9,0,0
51,125789.61748154623,15453.11591677059,2,RENT,HOME_IMPROVEMENT,4,1,1
44,34159.38444007508,42217.77523744909,3,MORTGAGE,DEBT_CONSOLIDATION,5,0,1
59,39368.94127612531,38579.25120600839,14,RENT,HOME_IMPROVEMENT,11,0,1
64,88461.09364496474,44221.94501729118,1,MORTGAGE,DEBT_CONSOLIDATION,9,0,1
20,51989.055643739775,29003.71545197622,0,MORTGAGE,HOME_IMPROVEMENT,2,0,1
35,81970.4117553507,12642.933145037714,2,MORTGAGE,VENTURE,6,1,0
58,71267.49209638553,9001.047136105142,0,RENT,DEBT_CONSOLIDATION,11,0,0
24,91423.85099595893,10037.32094616385,0,RENT,HOME_IMPROVEMENT,6,0,0
41,117093.84309765695,2851.2133089319386,5,RENT,MEDICAL,15,1,1
48,113013.81792290567,18799.330772395384,0,MORTGAGE,EDUCATION,3,0,1
22,87760.43722309347,10231.390261480328,0,OWN,VENTURE,1,0,0
31,126911.14444621756,19701.184799638206,7,RENT,HOME_IMPROVEMENT,13,1,1
45,76012.07189994433,42204.760569066915,2,MORTGAGE,VENTURE,14,0,1
35,136572.8576792159,20513.22900880917,0,MORTGAGE,DEBT_CONSOLIDATION,17,1,0
56,29266.43510717131,39753.3333703479,1,MORTGAGE,DEBT_CONSOLIDATION,14,0,1
41,144105.80390432995,28036.704964482688,6,MORTGAGE,DEBT_CONSOLIDATION,17,1,1
48,105110.10058607526,12626.656850439853,1,MORTGAGE,HOME_IMPROVEMENT,14,0,1
33,69409.6861618367,17301.75464814609,4,RENT,VENTURE,12,1,1
47,45630.03645447406,5608.540040321464,0,RENT,DEBT_CONSOLIDATION,16,0,0
24,82293.81982766799,16338.89152462845,5,RENT,EDUCATION,1,0,0
49,45292.58201408913,31134.260656651964,2,OWN,EDUCATION,13,0,1
65,41623.10900660848,5100.776995965713,5,OWN,HOME_IMPROVEMENT,6,0,0
24,100255.72846368665,10832.260564555261,6,MORTGAGE,DEBT_CONSOLIDATION,6,0,0
31,88001.01419563201,18401.964780772392,5,RENT,HOME_IMPROVEMENT,12,0,1
35,107112.48449942243,44228.13009168639,2,MORTGAGE,DEBT_CONSOLIDATION,17,0,0
45,140848.7640648586,35749.058387231846,1,RENT,DEBT_CONSOLIDATION,6,0,1
45,89193.82773407522,33539.93009916047,2,RENT,MEDICAL,7,0,0
40,95521.1669241637,6996.211130594177,1,MORTGAGE,DEBT_CONSOLIDATION,1,1,0
58,31651.424090142475,35582.82342544463,1,OWN,DEBT_CONSOLIDATION,1,0,1
55,113292.65216812184,35766.55889518865,9,OWN,VENTURE,5,0,0
52,71987.6768845403,27847.415911846118,2,MORTGAGE,DEBT_CONSOLIDATION,6,0,0
49,146974.28102613526,44585.55662592999,3,RENT,EDUCATION,16,0,0
56,127012.62202743583,15985.917954755734,5,RENT,DEBT_CONSOLIDATION,16,0,1
42,87922.53526709539,42474.71527439962,5,RENT,DEBT_CONSOLIDATION,14,0,1
29,36018.94504238159,41333.437943129655,0,MORTGAGE,DEBT_CONSOLIDATION,1,0,1
24,131724.0531264766,2493.6683692232473,6,MORTGAGE,DEBT_CONSOLIDATION,6,0,0
55,123971.54240512282,21355.010638416876,1,RENT,HOME_IMPROVEMENT,10,0,0
53,43996.06683981429,44015.48202121766,7,MORTGAGE,EDUCATION,10,0,1
50,58386.17759864031,6434.218583547259,8,RENT,HOME_IMPROVEMENT,9,0,0
29,123142.94355921885,25554.741858482736,7,RENT,MEDICAL,11,0,0
38,44079.69805116326,44095.172802767476,5,MORTGAGE,DEBT_CONSOLIDATION,3,0,1
51,139307.82359227905,25886.303236551987,0,RENT,HOME_IMPROVEMENT,18,0,0
20,75188.56527552704,10162.058027802708,2,MORTGAGE,HOME_IMPROVEMENT,2,0,0
24,31315.065136395624,27033.87889398136,5,MORTGAGE,MEDICAL,6,0,1
64,126047.32365555651,10790.944679830514,2,MORTGAGE,DEBT_CONSOLIDATION,19,0,0
23,68556.2587949904,24347.28330446282,5,RENT,HOME_IMPROVEMENT,5,0,1
35,88444.89523999153,5183.815370230964,2,RENT,VENTURE,13,0,0
43,34599.56477345849,28035.7547762194,2,MORTGAGE,DEBT_CONSOLIDATION,1,0,1
35,20335.92192984771,24221.9673825108,1,RENT,VENTURE,2,0,1
21,102938.0767531287,33826.93885674291,2,RENT,DEBT_CONSOLIDATION,1,1,0
47,86972.77214338511,29120.120259827756,4,MORTGAGE,EDUCATION,5,0,0
51,97160.01398600913,25633.06954682254,7,MORTGAGE,MEDICAL,3,0,1
46,123186.70054946712,31660.49051766921,6,MORTGAGE,EDUCATION,7,1,1
39,104058.76874497182,8189.502283605927,9,RENT,HOME_IMPROVEMENT,13,0,0
43,42720.54756755903,27600.465434119975,13,MORTGAGE,DEBT_CONSOLIDATION,18,0,0
31,66900.42748437799,9400.755921379441,10,RENT,MEDICAL,7,0,0
54,137765.84362240887,41797.45493763088,0,RENT,HOME_IMPROVEMENT,1,0,1
52,120092.81103271827,4938.366508360981,7,MORTGAGE,DEBT_CONSOLIDATION,5,0,0
52,92362.81753177324,20506.11423670411,1,MORTGAGE,EDUCATION,17,0,0
62,53233.8497152054,31919.29153918413,0,OWN,HOME_IMPROVEMENT,8,0,1
56,59267.86523852336,21694.955101735126,6,MORTGAGE,DEBT_CONSOLIDATION,15,0,0
31,115154.5487861325,5960.095889014801,2,OWN,DEBT_CONSOLIDATION,4,0,0
22,130652.6539108602,25795.297693448418,0,OWN,DEBT_CONSOLIDATION,2,0,0
20,107285.20703897988,29590.172079576245,0,MORTGAGE,HOME_IMPROVEMENT,2,0,1
52,125238.89684989743,32263.069372591828,0,MORTGAGE,EDUCATION,1,0,0
59,119665.29757605278,18050.172021898634,14,MORTGAGE,HOME_IMPROVEMENT,5,1,1
29,39461.515834404505,26237.378754236775,0,OWN,VENTURE,6,1,1
62,75112.82567872925,21379.518422373265,1,MORTGAGE,VENTURE,2,1,0
63,39887.894107713146,30898.409666346895,3,RENT,EDUCATION,1,0,1
48,50580.626024258025,27092.9495949672,2,MORTGAGE,DEBT_CONSOLIDATION,4,0,0
32,133003.75120463682,24607.5174410428,14,RENT,EDUCATION,7,0,0
31,81475.95553231367,12729.547774044691,0,MORTGAGE,HOME_IMPROVEMENT,1,0,0
50,89596.55323954592,2086.7962631740584,4,RENT,HOME_IMPROVEMENT,1,0,0
65,43197.97547961038,9485.512038391458,6,MORTGAGE,EDUCATION,8,0,0
21,60595.33218634348,7033.839781239252,3,MORTGAGE,DEBT_CONSOLIDATION,3,0,0
54,49932.00189562309,21310.644035470712,5,RENT,MEDICAL,13,0,1
42,46804.201387395435,28327.10048275932,9,RENT,DEBT_CONSOLIDATION,18,1,1
36,102934.90313107612,11162.65537344675,0,RENT,EDUCATION,10,0,0
45,53394.90019394293,42379.45512658905,2,MORTGAGE,DEBT_CONSOLIDATION,12,0,1
27,102162.0131826544,2287.3315566271745,2,RENT,MEDICAL,1,1,1
48,27599.099834112007,35208.943652109745,13,RENT,DEBT_CONSOLIDATION,10,0,1
45,38430.67115852324,28883.805089809015,0,RENT,DEBT_CONSOLIDATION,9,0,1
29,55690.2330200163,18062.85644505032,0,MORTGAGE,DEBT_CONSOLIDATION,3,0,0
45,97616.09919643991,4171.02460973354,2,RENT,DEBT_CONSOLIDATION,19,0,0
53,107859.36186135888,28981.922586724013,0,MORTGAGE,DEBT_CONSOLIDATION,9,0,1
60,77553.20568133853,18581.381053222867,1,RENT,HOME_IMPROVEMENT,10,0,0
26,77952.81889503976,42259.48699476842,8,MORTGAGE,HOME_IMPROVEMENT,8,0,1
23,114187.19068182036,25305.573220259936,3,RENT,DEBT_CONSOLIDATION,5,0,0
64,22056.741929525717,42405.01498562085,5,MORTGAGE,DEBT_CONSOLIDATION,18,0,1
30,64341.70318164867,11480.798819352076,7,RENT,VENTURE,12,1,0
48,126431.91742550026,33206.21414565644,2,MORTGAGE,EDUCATION,3,0,0
55,98418.5233277384,28541.707896495205,0,OWN,EDUCATION,2,0,0
44,63839.52725820465,33794.553882746404,1,OWN,EDUCATION,1,1,1
40,137718.2230028576,11230.718150819082,2,MORTGAGE,DEBT_CONSOLIDATION,18,0,0
55,120440.95456841974,30594.76419822427,6,MORTGAGE,DEBT_CONSOLIDATION,9,1,0
29,54436.40814077535,23415.736901445365,3,MORTGAGE,DEBT_CONSOLIDATION,11,1,1
56,103887.6788783432,33941.4739209716,0,MORTGAGE,VENTURE,2,0,0
28,97447.59466456437,16062.919698528165,4,RENT,MEDICAL,7,0,0
43,72154.42882506775,40272.45209500586,15,MORTGAGE,HOME_IMPROVEMENT,16,0,0
54,67704.2902966241,5624.956528288067,10,MORTGAGE,DEBT_CONSOLIDATION,19,0,0
54,64662.861720841516,36709.140708021085,10,RENT,DEBT_CONSOLIDATION,15,0,1
55,100230.25184143409,39036.74391004891,9,RENT,DEBT_CONSOLIDATION,11,0,0
37,77513.29174248704,37141.84938877331,2,RENT,HOME_IMPROVEMENT,1,0,0
58,128142.20472268487,24047.234953256368,8,MORTGAGE,DEBT_CONSOLIDATION,7,0,0
51,107048.34009741504,20850.554141322737,0,RENT,MEDICAL,8,0,0
43,29091.10874222644,44839.278320569705,6,RENT,DEBT_CONSOLIDATION,10,0,1
42,103221.86909766159,11854.39390220897,6,RENT,MEDICAL,5,0,1
51,55249.16674502403,25515.66653266992,0,MORTGAGE,VENTURE,9,0,0
56,97065.55891494495,30839.047591439998,9,MORTGAGE,VENTURE,1,0,0
31,108417.15104344868,32137.308342041575,13,RENT,EDUCATION,2,1,0
32,50007.79459002157,10773.060626758885,1,RENT,EDUCATION,14,0,1
42,79391.62383444792,30121.745970611453,10,RENT,EDUCATION,14,0,1
44,44742.23216647882,37189.8913586975,0,OWN,EDUCATION,10,0,1
54,26804.05385224608,4150.798803307825,5,MORTGAGE,HOME_IMPROVEMENT,9,0,0
60,69201.93505316298,41195.41561298861,3,MORTGAGE,MEDICAL,10,0,1
49,67182.75533997896,3268.674371243855,4,RENT,EDUCATION,6,0,0
36,149412.4637915534,17306.754397000957,15,MORTGAGE,VENTURE,17,0,0
39,78025.80565569349,2679.9674380173687,12,MORTGAGE,VENTURE,6,0,0
44,63364.04143138605,5317.242247202021,9,RENT,DEBT_CONSOLIDATION,4,0,0
41,95461.75087316771,41180.2362627434,1,RENT,DEBT_CONSOLIDATION,3,1,1
32,31539.7612340099,17259.015722084354,14,RENT,HOME_IMPROVEMENT,14,0,0
38,145016.54567412572,20265.175808277276,0,MORTGAGE,HOME_IMPROVEMENT,18,0,0
55,102544.8059268343,11259.808399449763,11,MORTGAGE,VENTURE,4,0,1
31,118128.91659231021,27675.11811802895,2,MORTGAGE,HOME_IMPROVEMENT,8,0,0
60,42162.13196260928,27576.538231144954,0,MORTGAGE,HOME_IMPROVEMENT,17,0,0
38,73232.12089067651,18004.616848484427,6,RENT,HOME_IMPROVEMENT,5,0,1
31,74949.58474150463,16320.49948763213,1,MORTGAGE,DEBT_CONSOLIDATION,13,0,0
28,126834.83770714128,40053.46525176527,1,MORTGAGE,EDUCATION,1,0,0
26,20160.768368723227,18481.222304614657,2,RENT,VENTURE,8,0,1
47,59110.90408592316,23220.542662639553,0,MORTGAGE,DEBT_CONSOLIDATION,4,0,0
33,147560.7286647595,14182.104784272018,1,RENT,HOME_IMPROVEMENT,14,0,1
50,81735.25065580843,35831.088644356474,0,RENT,HOME_IMPROVEMENT,3,0,1
38,69728.41643172107,19090.27074666094,3,MORTGAGE,DEBT_CONSOLIDATION,5,0,0
35,35577.77026229403,24085.275001405957,0,MORTGAGE,DEBT_CONSOLIDATION,7,0,1
24,146641.401721642,12894.35831256544,6,MORTGAGE,MEDICAL,1,0,0
54,22603.42627035718,44469.36247067383,1,RENT,DEBT_CONSOLIDATION,12,0,1
31,115833.42925094161,14534.316859720084,13,MORTGAGE,DEBT_CONSOLIDATION,11,0,0
44,119917.9746225061,35141.92882893872,12,MORTGAGE,DEBT_CONSOLIDATION,8,0,0
40,51675.37308830266,20382.312965340643,2,MORTGAGE,EDUCATION,6,0,0
55,107302.59766969485,10867.348418618016,9,OWN,EDUCATION,2,1,0
42,32080.78876932069,36387.90685048903,9,MORTGAGE,EDUCATION,19,0,1
35,53416.144636170386,16345.091928248856,17,RENT,DEBT_CONSOLIDATION,14,0,0
58,122427.25847799444,39203.31393810588,5,MORTGAGE,VENTURE,1,0,0
64,132409.20496436022,41356.05895146639,0,RENT,DEBT_CONSOLIDATION,10,0,0
61,99103.23364577287,38972.424921824866,6,RENT,DEBT_CONSOLIDATION,16,0,0
58,85888.99613666274,3505.340336692643,5,MORTGAGE,HOME_IMPROVEMENT,4,0,0
33,40709.52268046744,35857.05383521954,6,OWN,DEBT_CONSOLIDATION,11,0,1
50,28204.174300289524,19687.597059463187,2,RENT,VENTURE,16,0,1
24,35294.373701562625,39570.08556783568,6,MORTGAGE,MEDICAL,1,1,1
54,49556.44901249284,29432.033295443765,19,RENT,DEBT_CONSOLIDATION,16,0,0
42,64417.68524659971,37846.65476819021,1,MORTGAGE,VENTURE,19,0,0
48,69518.23831642834,23475.56610427392,0,MORTGAGE,VENTURE,9,0,0
62,65021.82991657046,25006.09669775411,1,MORTGAGE,MEDICAL,9,0,0
30,51077.19318564453,8208.668181747691,10,RENT,DEBT_CONSOLIDATION,9,0,0
37,86264.15207772076,35711.45642364228,6,MORTGAGE,HOME_IMPROVEMENT,17,1,1
31,127287.19407027659,20033.75330167978,6,OWN,DEBT_CONSOLIDATION,12,0,1
28,56361.4600012923,23503.445085678053,3,MORTGAGE,VENTURE,10,1,1
29,142510.3124832903,35759.201706115426,5,MORTGAGE,DEBT_CONSOLIDATION,8,0,0
63,133533.76602410022,27750.352203415878,2,OWN,HOME_IMPROVEMENT,16,1,0
36,41029.34747577425,10647.2452800347,3,RENT,DEBT_CONSOLIDATION,18,0,1
57,122215.87437842229,27380.00434348839,9,MORTGAGE,DEBT_CONSOLIDATION,1,0,0
26,94696.35970130966,19528.212893125197,8,MORTGAGE,EDUCATION,1,0,0
65,93654.7970822844,22189.598307886095,16,RENT,VENTURE,12,0,1
32,70835.55919756267,3217.3847993147147,14,MORTGAGE,EDUCATION,6,0,0
59,85149.88989366127,11031.262029200108,3,RENT,VENTURE,9,0,1
61,71633.24106579743,14084.637499384215,3,MORTGAGE,DEBT_CONSOLIDATION,5,0,1
28,90165.24043879256,32657.28033792865,7,MORTGAGE,HOME_IMPROVEMENT,10,0,1
46,101633.50686044266,2494.1763518189587,15,RENT,HOME_IMPROVEMENT,18,1,0
21,107659.4948331763,19577.422232852678,0,MORTGAGE,DEBT_CONSOLIDATION,3,1,1
24,89222.5550327254,41733.15542830651,2,RENT,HOME_IMPROVEMENT,6,0,1
48,113784.86875273513,6810.866511612326,0,RENT,EDUCATION,1,0,0
56,38366.14640581576,24206.248693400274,5,RENT,HOME_IMPROVEMENT,19,0,0
57,47557.72381729101,35820.46244280642,2,MORTGAGE,EDUCATION,8,0,1
38,126435.55052965511,42528.84622336502,2,RENT,HOME_IMPROVEMENT,3,0,1
27,61928.63712003397,34111.395499949875,0,MORTGAGE,DEBT_CONSOLIDATION,5,0,1
64,22976.197246895634,32984.31859170947,2,MORTGAGE,DEBT_CONSOLIDATION,8,0,1
20,39992.84945684404,37538.987878417785,2,RENT,HOME_IMPROVEMENT,2,0,1
41,49069.87648452046,21186.652502034376,1,MORTGAGE,DEBT_CONSOLIDATION,18,0,0
36,144451.97542629635,36651.314902566824,7,MORTGAGE,DEBT_CONSOLIDATION,18,0,0
26,94495.38576101042,2342.469404054398,5,MORTGAGE,HOME_IMPROVEMENT,1,0,0
44,141254.99626191313,41756.12538120261,11,RENT,HOME_IMPROVEMENT,15,0,1
64,94771.23556456124,21062.179909238537,0,RENT,DEBT_CONSOLIDATION,18,0,0
23,82316.07721792074,25795.348078227147,5,RENT,EDUCATION,5,0,0
55,60784.59985523249,12959.93670333994,5,RENT,EDUCATION,16,0,0
25,98828.22277633882,33928.82581213812,7,RENT,DEBT_CONSOLIDATION,7,0,1
50,38095.74320027888,5295.339678435699,14,RENT,VENTURE,15,0,0
38,136774.01154805179,39523.33950951391,1,RENT,EDUCATION,6,0,0
63,127813.21266836688,37609.02364727274,0,RENT,EDUCATION,9,0,0
58,61279.088223975814,11290.584998524955,1,RENT,HOME_IMPROVEMENT,7,0,0
46,143863.67858816826,36800.949126266285,4,RENT,DEBT_CONSOLIDATION,14,0,0
29,127276.09976402386,35813.3825216437,1,OWN,EDUCATION,11,0,0
45,106619.89515855517,29185.313703419808,1,RENT,DEBT_CONSOLIDATION,16,0,0
38,35829.04844628572,18061.367606686566,3,MORTGAGE,MEDICAL,6,1,1
58,82170.4229962494,13674.446429820318,0,RENT,VENTURE,16,0,0
22,85793.98213007761,11966.69438244205,0,OWN,HOME_IMPROVEMENT,4,0,1
64,50231.676587499416,15700.185398835109,3,RENT,DEBT_CONSOLIDATION,12,0,0
32,30395.501266709252,40853.013067598804,0,OWN,DEBT_CONSOLIDATION,14,0,1
47,120974.07196132005,5338.553367517595,3,MORTGAGE,DEBT_CONSOLIDATION,5,0,0
39,35864.556776171354,37641.464878877225,3,RENT,HOME_IMPROVEMENT,13,0,1
47,97257.79757303071,17002.273226798414,3,MORTGAGE,DEBT_CONSOLIDATION,8,0,1
27,141738.39260487587,24428.774028488402,9,MORTGAGE,HOME_IMPROVEMENT,5,0,0
60,133893.67503774553,36162.8822468851,4,RENT,DEBT_CONSOLIDATION,12,0,1
58,56107.84108740395,40028.19152198776,3,MORTGAGE,MEDICAL,9,0,1
20,130688.3228816645,16825.60106312382,2,OWN,DEBT_CONSOLIDATION,2,0,1
22,20043.225795663624,21859.269694829745,4,MORTGAGE,MEDICAL,3,0,1
32,22299.41524972344,19824.19078712207,13,RENT,MEDICAL,1,0,1
47,98331.91129957244,2569.7944406681536,11,MORTGAGE,HOME_IMPROVEMENT,18,0,0
44,67423.76848878883,14725.544220922235,6,MORTGAGE,EDUCATION,12,0,0
52,70239.90935068912,21745.137050500158,0,MORTGAGE,HOME_IMPROVEMENT,9,0,1
57,93377.34178825472,19677.02518185891,1,MORTGAGE,EDUCATION,9,0,0
25,44931.719226941874,33042.95678317422,0,RENT,DEBT_CONSOLIDATION,7,0,1
63,47528.195586512185,18546.555540507437,16,OWN,DEBT_CONSOLIDATION,18,0,0
64,82998.20631245241,23043.18730573882,6,RENT,HOME_IMPROVEMENT,7,0,1
51,118052.96076470219,20473.169461691625,8,RENT,HOME_IMPROVEMENT,4,0,0
64,100534.7076829864,33846.92440245793,2,MORTGAGE,HOME_IMPROVEMENT,13,0,1
40,58656.156270789055,39107.81315643939,11,MORTGAGE,DEBT_CONSOLIDATION,17,0,0
35,75943.83307615976,24871.230397323106,1,RENT,DEBT_CONSOLIDATION,2,0,1
40,42186.418611499794,35945.58435039322,0,MORTGAGE,DEBT_CONSOLIDATION,14,0,1
30,29701.87586382062,14761.827326853576,2,RENT,DEBT_CONSOLIDATION,3,0,0
56,121750.4852967394,25278.893236762553,5,MORTGAGE,DEBT_CONSOLIDATION,5,0,0
55,54500.363194465295,16844.888007808815,3,MORTGAGE,DEBT_CONSOLIDATION,14,0,0
54,43109.630420662266,19810.639799588702,11,RENT,DEBT_CONSOLIDATION,3,0,0
38,109910.34722401151,33493.796186944746,0,RENT,VENTURE,7,0,1
39,100346.71765733419,39911.486740306646,4,RENT,DEBT_CONSOLIDATION,18,0,1
37,102314.65138175033,7224.301816773913,4,OWN,EDUCATION,13,0,0
60,49756.29863005977,29289.488028957363,1,RENT,DEBT_CONSOLIDATION,10,0,1
33,50243.92001314853,27032.183725845334,10,RENT,VENTURE,13,0,1
34,48704.34187213309,7091.846684565071,8,MORTGAGE,HOME_IMPROVEMENT,16,0,0
50,42587.837436098285,11111.45620892469,7,MORTGAGE,DEBT_CONSOLIDATION,9,0,1
20,105244.07743301532,15373.107273505251,2,RENT,HOME_IMPROVEMENT,2,0,0
22,130242.06508242218,9178.036045152563,4,MORTGAGE,DEBT_CONSOLIDATION,4,0,0
35,114161.27105796596,12480.367748546698,1,RENT,HOME_IMPROVEMENT,17,0,0
42,122972.17238887062,13506.834351053423,7,OWN,DEBT_CONSOLIDATION,4,0,0
30,72623.79578107598,16433.974820679563,2,RENT,MEDICAL,12,1,1
31,105029.85339835976,34223.78947044983,1,RENT,HOME_IMPROVEMENT,9,0,1
29,66050.71125782069,26592.22476557583,0,MORTGAGE,DEBT_CONSOLIDATION,2,0,1
51,88315.6008559232,44408.60689391026,8,RENT,EDUCATION,18,0,1
35,82612.5300495321,19833.640559601256,7,MORTGAGE,DEBT_CONSOLIDATION,11,1,1
27,42995.32886870107,34416.198174987774,1,RENT,VENTURE,9,0,1
57,70320.238843632,39473.142119190954,8,RENT,HOME_IMPROVEMENT,8,0,0
31,145296.89581270562,31196.0752006358,13,MORTGAGE,EDUCATION,1,0,0
43,52315.43350294247,19710.18383795233,0,MORTGAGE,DEBT_CONSOLIDATION,17,0,0
47,37394.48571633353,34404.569122067376,1,MORTGAGE,VENTURE,12,0,1
27,74415.48081111159,10757.686924225449,8,RENT,EDUCATION,4,0,0
47,122743.90566181926,16084.743102745693,1,RENT,DEBT_CONSOLIDATION,13,0,0
55,95679.26987139639,25507.46596926942,5,RENT,DEBT_CONSOLIDATION,9,0,0
45,108526.72754097178,26742.603653304377,0,RENT,DEBT_CONSOLIDATION,7,0,0
27,44660.330262708034,2952.083445323067,3,MORTGAGE,MEDICAL,5,0,0
47,100463.26509100379,42639.91011650838,8,MORTGAGE,DEBT_CONSOLIDATION,5,0,0
47,62055.05133849159,31954.97266234777,6,RENT,HOME_IMPROVEMENT,17,1,1
56,128459.43757411977,23315.261259971314,10,RENT,DEBT_CONSOLIDATION,9,0,0
60,101808.8447813957,42124.47107955726,12,RENT,DEBT_CONSOLIDATION,6,1,1
55,45851.316110788466,20881.109305785623,8,RENT,HOME_IMPROVEMENT,19,0,1
46,28400.1683797312,44158.72952162599,6,RENT,MEDICAL,16,0,1
36,25542.317207314256,24028.24456146986,0,OWN,HOME_IMPROVEMENT,2,0,1
28,68283.1137945183,6914.288109913116,4,MORTGAGE,VENTURE,10,0,0
52,54560.647765060756,34886.44181574892,0,OWN,HOME_IMPROVEMENT,16,0,1
39,103991.71605012605,31192.60217834714,9,MORTGAGE,DEBT_CONSOLIDATION,5,0,0
32,84913.39854722038,35238.42901614023,2,MORTGAGE,DEBT_CONSOLIDATION,14,0,0
47,54582.506140699494,42912.007235204284,4,MORTGAGE,HOME_IMPROVEMENT,13,0,1
48,39400.911133522895,35389.04001399378,1,RENT,MEDICAL,13,0,1
32,36535.96914936845,28287.473895315816,9,MORTGAGE,VENTURE,13,0,1
65,132405.85097825428,38864.28280151616,13,OWN,DEBT_CONSOLIDATION,15,0,0
54,51652.13589263274,30949.596892244856,3,RENT,DEBT_CONSOLIDATION,14,0,1
25,104722.38422842589,19549.119443514694,7,MORTGAGE,DEBT_CONSOLIDATION,7,1,1
37,125389.17063821461,40081.64986239625,1,RENT,MEDICAL,11,0,1
24,99830.57045401569,11541.719813728034,4,MORTGAGE,VENTURE,6,1,1
44,131743.48011410295,32729.57482107514,11,OWN,VENTURE,4,0,0
21,71011.18379870168,39907.22856245255,2,MORTGAGE,DEBT_CONSOLIDATION,3,0,1
29,144308.88478436327,33446.61034724174,11,MORTGAGE,HOME_IMPROVEMENT,1,0,1
49,37308.8505431526,31982.84301931585,0,MORTGAGE,HOME_IMPROVEMENT,5,0,1
64,33279.43885547995,34363.446645088945,0,MORTGAGE,DEBT_CONSOLIDATION,13,0,1
24,105629.97900696767,21997.37567692771,6,OWN,HOME_IMPROVEMENT,1,0,1
52,142568.04838372403,39589.33933275212,0,MORTGAGE,DEBT_CONSOLIDATION,8,1,0
20,125154.85001272264,10747.768430851922,2,MORTGAGE,DEBT_CONSOLIDATION,2,0,0
37,29934.191726946687,7477.6158880145895,18,MORTGAGE,VENTURE,3,0,0
51,56317.80281151313,14276.877545095997,0,MORTGAGE,VENTURE,7,0,0
30,140941.45502891706,24857.828061324704,4,MORTGAGE,HOME_IMPROVEMENT,4,0,0
40,52897.596264101994,23954.15720260154,1,MORTGAGE,HOME_IMPROVEMENT,3,0,0
45,121552.15509229951,37285.746580093226,3,MORTGAGE,DEBT_CONSOLIDATION,15,1,1
44,127267.18547073149,19396.45222537275,0,RENT,EDUCATION,8,1,0
41,84408.77344992763,22826.81033053487,1,RENT,VENTURE,3,1,1
46,70225.35828028101,2574.8103801540124,2,MORTGAGE,VENTURE,7,1,0
32,78516.17621456875,19618.78716704638,3,RENT,EDUCATION,14,0,0
52,49505.41026749734,29854.29201686471,22,RENT,DEBT_CONSOLIDATION,11,0,0
53,135620.81909674976,2666.858216943464,9,MORTGAGE,DEBT_CONSOLIDATION,11,0,0
60,78580.55537486853,14077.924503008482,8,RENT,HOME_IMPROVEMENT,17,1,0
54,134719.72725929297,10942.123449443767,4,RENT,DEBT_CONSOLIDATION,6,0,0
20,33740.15238781563,3805.373443112294,2,MORTGAGE,VENTURE,2,0,0
40,148475.7852300171,22608.18386632511,2,OWN,DEBT_CONSOLIDATION,1,0,0
25,77625.50136767037,9814.10160881073,7,MORTGAGE,DEBT_CONSOLIDATION,7,0,0
47,26218.00665123371,33952.506204149344,29,OWN,DEBT_CONSOLIDATION,19,0,1
36,24942.84027086914,38460.899001823986,2,MORTGAGE,MEDICAL,3,1,1
24,117006.94347263902,25460.162854773356,6,RENT,DEBT_CONSOLIDATION,4,0,0
50,105674.61944647851,44213.41572840908,11,MORTGAGE,EDUCATION,11,0,0
24,124276.97255658638,21370.578573235598,6,MORTGAGE,HOME_IMPROVEMENT,6,0,0
57,33697.77941386477,24074.833039671368,7,RENT,DEBT_CONSOLIDATION,1,0,1
22,24624.212714621284,44536.363420183254,2,RENT,HOME_IMPROVEMENT,4,0,1
42,86115.3076281852,11956.582746497099,2,MORTGAGE,EDUCATION,11,0,0
56,70387.38009276004,42529.475406106925,0,RENT,HOME_IMPROVEMENT,19,0,1
56,80053.10176722426,3842.0148701218695,8,MORTGAGE,VENTURE,13,0,0
29,148906.4931531356,21194.636281317376,0,RENT,DEBT_CONSOLIDATION,11,0,0
29,146197.49449718714,5010.151021721828,11,MORTGAGE,DEBT_CONSOLIDATION,4,0,0
38,142501.00065751508,33357.093945286644,0,MORTGAGE,MEDICAL,1,0,0
36,121899.5479797976,28161.584242840763,1,RENT,DEBT_CONSOLIDATION,13,0,0
40,66129.37683339574,32385.273329106643,3,RENT,HOME_IMPROVEMENT,1,0,1
33,73577.0209341603,18102.65719862473,8,MORTGAGE,VENTURE,5,0,0
28,91450.08568346019,17887.72316334935,0,MORTGAGE,DEBT_CONSOLIDATION,5,0,1
65,127969.47933262918,3948.728995318468,3,MORTGAGE,EDUCATION,14,1,0
20,28932.66822737481,17047.632399774513,2,MORTGAGE,DEBT_CONSOLIDATION,2,0,1
64,75158.59516503545,41959.40129726856,1,MORTGAGE,DEBT_CONSOLIDATION,8,0,0
32,30740.29624970493,18306.741098759303,0,RENT,DEBT_CONSOLIDATION,4,0,1
23,86905.4862545565,37748.81136754471,5,RENT,VENTURE,5,0,1
20,136857.1071208106,38219.99670424716,2,RENT,DEBT_CONSOLIDATION,2,0,1
59,121723.04019331193,18049.369724307056,0,MORTGAGE,EDUCATION,15,0,0
51,49619.5142806043,29175.513257036127,9,RENT,MEDICAL,4,0,1
53,146878.81044784302,6100.978897741521,23,RENT,HOME_IMPROVEMENT,19,0,0
47,106755.5517460357,6458.17897157389,5,MORTGAGE,HOME_IMPROVEMENT,9,0,0
50,21355.6009216624,4092.2795374536727,4,MORTGAGE,HOME_IMPROVEMENT,13,0,0
27,53203.75300907854,26983.649015129708,9,RENT,DEBT_CONSOLIDATION,9,0,0
58,53892.72898958915,20321.05203792217,18,RENT,HOME_IMPROVEMENT,14,0,0
45,29003.05981716179,25565.391336562323,8,MORTGAGE,EDUCATION,10,1,1
53,144777.44734987075,24406.147191860677,3,MORTGAGE,MEDICAL,16,0,0
22,82173.18829487008,17058.728616901404,4,MORTGAGE,MEDICAL,4,0,1
31,136455.89765834465,31131.356837409334,7,RENT,VENTURE,6,0,1
20,61888.015447801685,34615.5808794048,1,MORTGAGE,VENTURE,2,0,1
63,36280.364156267526,2629.015131740056,3,MORTGAGE,HOME_IMPROVEMENT,13,0,0
24,81663.6942878078,10911.418890061768,6,RENT,EDUCATION,6,0,0
49,34814.36251286123,32669.142327583482,6,OWN,VENTURE,19,1,1
49,83182.01538708019,18624.66742325487,3,RENT,DEBT_CONSOLIDATION,18,1,1
36,139638.63355852303,30486.809718489152,6,RENT,MEDICAL,18,0,1
42,87699.85843844766,16919.394368586014,0,MORTGAGE,HOME_IMPROVEMENT,1,0,0
34,100144.96449636086,18802.471550174396,3,RENT,EDUCATION,8,0,1
56,40362.99680659508,8823.191568656452,9,RENT,EDUCATION,16,0,0
40,25685.63136439603,13103.93384564488,1,MORTGAGE,MEDICAL,2,0,1
33,34405.03508337491,28032.705572826253,1,MORTGAGE,DEBT_CONSOLIDATION,8,0,1
21,97809.10483896754,20626.013786552154,3,OWN,EDUCATION,3,0,0
30,32351.520868999607,35295.01536661759,1,MORTGAGE,HOME_IMPROVEMENT,12,0,1
58,68879.07569237048,38661.15306234874,1,RENT,DEBT_CONSOLIDATION,11,0,1
57,91511.95225956028,25290.795983320673,20,MORTGAGE,VENTURE,17,0,0
53,70524.8638218801,34605.49355841054,7,MORTGAGE,HOME_IMPROVEMENT,19,1,1
57,41278.89419048919,15196.894067366511,7,MORTGAGE,EDUCATION,11,0,0
53,55592.86997683385,19843.762262203363,11,MORTGAGE,DEBT_CONSOLIDATION,8,0,0
37,140681.27927031502,32649.440077323732,0,MORTGAGE,HOME_IMPROVEMENT,4,0,0
49,107877.6958262262,18607.11569113232,7,MORTGAGE,EDUCATION,11,0,0
34,84486.21902838525,27305.71221183652,4,MORTGAGE,HOME_IMPROVEMENT,8,0,0
46,21652.935698296158,9971.029500547993,10,RENT,DEBT_CONSOLIDATION,9,1,0
53,149014.00206363114,27790.16654373141,4,OWN,MEDICAL,2,0,0
57,107289.14153630362,39045.08941075642,5,RENT,HOME_IMPROVEMENT,16,1,1
52,61199.92205484284,39351.5045124073,3,RENT,EDUCATION,6,0,1
43,134304.92579971897,33146.80947217021,3,RENT,HOME_IMPROVEMENT,19,0,0
34,53596.110637936355,34067.39530027342,8,MORTGAGE,DEBT_CONSOLIDATION,8,1,1
49,90722.1552937577,25990.88014148013,5,MORTGAGE,HOME_IMPROVEMENT,14,0,0
61,102689.19928487726,27140.727877130466,6,MORTGAGE,HOME_IMPROVEMENT,16,1,0
36,48738.2382889847,7746.975000652274,3,OWN,HOME_IMPROVEMENT,12,0,0
24,147191.64624407748,21085.945102115948,4,OWN,HOME_IMPROVEMENT,5,1,0
48,117264.94777726968,21383.380207113645,8,RENT,HOME_IMPROVEMENT,19,0,0
23,92515.71931643909,43215.406933712824,5,RENT,DEBT_CONSOLIDATION,5,0,1
29,43477.297762789116,20536.735092801446,7,MORTGAGE,HOME_IMPROVEMENT,9,0,0
36,27001.566909743397,25621.733730818578,15,OWN,DEBT_CONSOLIDATION,2,0,1
29,61607.77822772785,24929.81016900141,10,MORTGAGE,DEBT_CONSOLIDATION,11,1,1
36,117914.35366874236,29380.753832906066,4,MORTGAGE,MEDICAL,2,0,0
39,55013.06877926326,34174.01174727152,6,RENT,EDUCATION,10,0,1
43,90142.30866441566,11676.800675347502,15,MORTGAGE,EDUCATION,1,0,0
24,114633.13297499661,24735.150021232734,5,MORTGAGE,HOME_IMPROVEMENT,4,0,0
53,34032.68290404037,37514.46141458931,10,MORTGAGE,MEDICAL,12,0,1
25,109088.74209506354,21913.932695012994,7,RENT,EDUCATION,7,0,0
21,31943.21540230581,13973.67449406364,3,OWN,VENTURE,3,1,1
32,145466.86647650955,30152.49024032086,1,MORTGAGE,DEBT_CONSOLIDATION,9,0,0
62,83491.23690844214,37421.99801936228,3,RENT,MEDICAL,6,0,1
62,39587.894002284054,4715.032595877827,20,MORTGAGE,VENTURE,1,0,0
30,64509.87268436104,35401.99078651077,6,MORTGAGE,VENTURE,10,0,0
42,73744.138408384,37330.86111735616,4,MORTGAGE,DEBT_CONSOLIDATION,14,0,0
35,118564.05143994985,21845.485886310093,16,MORTGAGE,DEBT_CONSOLIDATION,17,0,0
50,116645.0921899592,44282.1432431941,5,MORTGAGE,DEBT_CONSOLIDATION,6,0,0
30,99552.26569385303,35828.45865041429,4,OWN,DEBT_CONSOLIDATION,12,1,1
35,33770.99263260409,35267.490290513626,8,RENT,VENTURE,16,0,1
27,39704.01830639757,34157.058699719084,7,RENT,DEBT_CONSOLIDATION,9,0,1
23,32188.399683922362,8476.148438385782,1,RENT,DEBT_CONSOLIDATION,5,0,0
59,95032.46182738151,11340.928117479465,3,MORTGAGE,DEBT_CONSOLIDATION,8,0,0
23,134027.9973964825,21951.575652970278,3,MORTGAGE,DEBT_CONSOLIDATION,5,0,0
44,76394.06659312034,13352.187048257032,2,MORTGAGE,DEBT_CONSOLIDATION,11,0,0
22,40910.26261450701,19855.36181036374,4,MORTGAGE,VENTURE,4,0,1
51,92545.50226936571,40203.95672668559,3,MORTGAGE,HOME_IMPROVEMENT,17,0,0
22,125527.78819254228,37446.056350808576,1,OWN,DEBT_CONSOLIDATION,4,0,0
46,116422.5679966809,29091.714774639237,3,RENT,HOME_IMPROVEMENT,19,0,0
48,134588.60135775278,38899.176952797454,0,MORTGAGE,HOME_IMPROVEMENT,13,1,0
51,56127.272642352815,35702.21272774172,5,MORTGAGE,DEBT_CONSOLIDATION,15,0,1
38,45214.00274481073,20446.35206915829,11,MORTGAGE,EDUCATION,1,0,0
40,134376.14317245205,10645.80153814764,7,MORTGAGE,EDUCATION,16,0,0
24,105482.840661143,24110.644720401586,2,MORTGAGE,EDUCATION,5,0,0
37,60420.760900982044,33657.841948727655,0,RENT,EDUCATION,3,0,1
47,116505.2465744262,20766.0427453725,1,MORTGAGE,DEBT_CONSOLIDATION,10,0,0
61,125965.38998244783,30671.19212070758,4,MORTGAGE,MEDICAL,19,0,0
41,99947.1712443472,6056.079330514876,1,MORTGAGE,VENTURE,5,0,0
40,109424.93428438896,34164.203663970344,4,MORTGAGE,MEDICAL,7,0,0
25,68783.78757754662,36946.68565540166,1,OWN,DEBT_CONSOLIDATION,7,0,1
20,90030.43675459508,32394.02779856327,2,MORTGAGE,MEDICAL,2,1,0
24,88140.6921944011,43592.33426363372,3,MORTGAGE,VENTURE,6,0,1
60,130246.21284700035,37546.038470807536,1,MORTGAGE,VENTURE,13,1,0
31,129195.31743668373,40833.03029869115,10,MORTGAGE,DEBT_CONSOLIDATION,10,0,0
45,128248.46101511562,42143.55658867887,2,OWN,EDUCATION,2,1,0
65,21434.109854120554,36457.963650573765,0,MORTGAGE,MEDICAL,6,0,1
53,117440.91298095547,30993.13020627946,5,MORTGAGE,EDUCATION,8,0,0
33,118627.93071443064,2245.898998513939,5,RENT,HOME_IMPROVEMENT,4,0,0
45,108189.24697116844,22030.50738859436,7,MORTGAGE,MEDICAL,12,0,0
64,118314.40552588884,26559.978840761523,1,RENT,HOME_IMPROVEMENT,15,0,0
46,129456.14829457214,15073.301715263984,3,MORTGAGE,HOME_IMPROVEMENT,8,0,0
28,81141.47703323213,15678.4912168493,1,RENT,HOME_IMPROVEMENT,7,1,0
45,85266.52775349813,43329.8548755371,0,RENT,MEDICAL,14,0,1
41,36212.82739848076,40343.56720371807,12,RENT,DEBT_CONSOLIDATION,19,0,1
49,70098.86479615704,38514.69723657328,7,RENT,HOME_IMPROVEMENT,14,0,0
62,103637.47338853196,19458.507473362755,2,RENT,EDUCATION,13,0,0
36,121451.97089914569,2589.0376675833254,5,MORTGAGE,VENTURE,1,0,0
45,48237.18269985737,5449.556597595705,1,MORTGAGE,HOME_IMPROVEMENT,19,0,0
55,37916.97689070061,15424.443833356958,13,MORTGAGE,MEDICAL,1,0,0
20,106195.460585064,2676.9452588141103,0,MORTGAGE,MEDICAL,2,0,0
27,20244.384858238383,2737.440622353519,0,RENT,DEBT_CONSOLIDATION,9,1,0
54,43188.435959952876,41413.94197062367,4,MORTGAGE,HOME_IMPROVEMENT,3,0,0
34,23779.279444713986,32364.815591119324,5,RENT,DEBT_CONSOLIDATION,9,1,1
41,41695.065321133225,15285.107572930565,5,RENT,DEBT_CONSOLIDATION,3,0,1
33,43571.506390315684,7703.716836840986,0,MORTGAGE,HOME_IMPROVEMENT,6,0,0
45,70397.56731755125,24000.335869488317,2,RENT,MEDICAL,6,0,1
47,72302.52620925228,2229.8849167376716,4,MORTGAGE,VENTURE,12,0,0
42,133654.12117933092,42351.790985900196,1,RENT,DEBT_CONSOLIDATION,1,0,0
33,86314.26262484728,19837.05013372473,12,MORTGAGE,DEBT_CONSOLIDATION,15,0,0
43,114042.61952959721,19300.403075205308,0,MORTGAGE,HOME_IMPROVEMENT,5,0,0
21,33537.85652963737,18795.525126016633,3,RENT,HOME_IMPROVEMENT,3,0,1
64,49307.038210280196,4981.118206673885,7,MORTGAGE,DEBT_CONSOLIDATION,10,1,0
45,111382.64732722798,29447.85631104854,1,RENT,VENTURE,13,0,1
33,26864.514860908654,33519.15564401919,5,MORTGAGE,MEDICAL,15,0,1
26,83257.6960916879,31073.39209629648,8,RENT,HOME_IMPROVEMENT,8,0,1
22,97917.96553618141,7952.726213163955,1,MORTGAGE,VENTURE,4,0,0
42,98278.93372682254,26890.12722553048,14,MORTGAGE,DEBT_CONSOLIDATION,5,0,0
65,22981.265464845463,26487.832819406914,4,RENT,EDUCATION,18,0,1
62,61874.04054979412,39341.66388147943,2,OWN,HOME_IMPROVEMENT,12,0,1
64,102743.78463639002,18302.48931015282,3,MORTGAGE,DEBT_CONSOLIDATION,3,0,1
37,39369.96569940165,17973.895577355674,2,MORTGAGE,MEDICAL,7,0,1
57,110404.03428264693,28596.66352488198,7,MORTGAGE,HOME_IMPROVEMENT,17,0,0
54,116970.27714577768,29222.12410047906,9,RENT,EDUCATION,19,0,0
34,147655.99475799888,22179.264775008985,10,MORTGAGE,DEBT_CONSOLIDATION,16,0,1
44,47279.45933133323,21051.552580208107,25,RENT,DEBT_CONSOLIDATION,1,0,1
56,127266.98679659498,23248.349837428956,9,RENT,DEBT_CONSOLIDATION,5,0,0
47,87638.55499942503,39024.94787864241,5,OWN,HOME_IMPROVEMENT,2,0,0
29,68550.13749874255,21830.17675391813,2,MORTGAGE,EDUCATION,1,0,1
58,35908.978452273135,42417.06705470237,4,MORTGAGE,DEBT_CONSOLIDATION,7,0,1
36,115615.72884337988,23672.16183464202,0,RENT,EDUCATION,11,0,0
58,50661.48788867932,42815.62980677833,8,MORTGAGE,EDUCATION,11,0,1
41,68284.86024349595,37811.771780370254,3,RENT,EDUCATION,18,0,0
45,28130.489496657898,17584.546872480652,0,RENT,HOME_IMPROVEMENT,17,0,1
63,124177.69905653747,39136.58111575449,0,RENT,MEDICAL,2,0,0
44,119656.50811631363,6732.721220647954,2,MORTGAGE,HOME_IMPROVEMENT,7,0,0
36,115370.05790550062,41777.028539749626,5,MORTGAGE,HOME_IMPROVEMENT,7,0,0
32,58927.656363945265,29160.67114856434,3,RENT,DEBT_CONSOLIDATION,10,0,1
39,42552.40965457444,4338.802186459381,5,MORTGAGE,DEBT_CONSOLIDATION,3,0,1
44,102881.92438112987,29703.039116984895,3,RENT,DEBT_CONSOLIDATION,12,0,1
23,84501.62993471853,43892.64912822451,5,MORTGAGE,EDUCATION,3,0,0
29,43172.820697603405,5001.428148429044,1,OWN,DEBT_CONSOLIDATION,11,0,0
22,109168.46523648228,25851.57152054371,0,MORTGAGE,DEBT_CONSOLIDATION,4,0,0
60,148846.43613676948,34155.157039653015,5,MORTGAGE,VENTURE,4,0,0
64,117138.5464064649,36841.11922807985,3,OWN,DEBT_CONSOLIDATION,16,0,0
37,116198.23026912953,19794.581008794223,0,MORTGAGE,DEBT_CONSOLIDATION,18,0,0
55,143540.6578809769,10779.162044234448,2,MORTGAGE,DEBT_CONSOLIDATION,4,0,0
41,46381.72778473729,3820.717987212505,0,MORTGAGE,VENTURE,6,0,0
53,93521.49543978725,26928.224755180665,4,RENT,DEBT_CONSOLIDATION,15,0,1
27,147354.07295440487,21475.176021507265,3,RENT,HOME_IMPROVEMENT,1,0,1
59,41488.23442612269,42796.00899143757,5,OWN,HOME_IMPROVEMENT,3,0,1
63,111032.75472778773,4606.011031741121,9,MORTGAGE,EDUCATION,5,0,0
38,96155.31897634725,31471.999768178244,2,RENT,EDUCATION,17,0,0
61,96242.2819845319,3073.547551162458,19,MORTGAGE,VENTURE,14,0,0
60,110697.18157760976,9371.669598553337,4,MORTGAGE,DEBT_CONSOLIDATION,9,0,0
56,140850.19997383893,21503.896996681866,5,MORTGAGE,DEBT_CONSOLIDATION,3,0,0
25,121735.65218067393,21559.515040523333,6,MORTGAGE,DEBT_CONSOLIDATION,7,0,0
45,27297.693444107303,31485.123346146687,6,MORTGAGE,DEBT_CONSOLIDATION,3,0,1
53,130854.64258384246,41139.16049931353,4,MORTGAGE,DEBT_CONSOLIDATION,11,0,0
64,49320.37289034524,29478.382833341595,3,MORTGAGE,DEBT_CONSOLIDATION,2,0,0
25,68998.84141572836,43002.00920761488,0,MORTGAGE,HOME_IMPROVEMENT,7,0,1
56,80025.26576960969,39909.4725147539,0,MORTGAGE,EDUCATION,13,0,0
52,82517.78009789906,27133.49120782398,2,MORTGAGE,DEBT_CONSOLIDATION,19,0,0
41,76573.45190319637,37853.053889509574,2,RENT,EDUCATION,16,0,1
40,141855.92824806238,29630.837243916263,2,MORTGAGE,DEBT_CONSOLIDATION,18,0,0
25,111782.4709963232,5377.986729720267,0,OWN,DEBT_CONSOLIDATION,7,0,0
25,102052.18397437183,33844.28310015893,7,RENT,HOME_IMPROVEMENT,7,0,0
23,26479.4636117824,6081.062974495887,5,RENT,DEBT_CONSOLIDATION,4,0,1
49,137508.7329338487,27545.559564497635,16,MORTGAGE,DEBT_CONSOLIDATION,9,0,0
30,138220.7249610915,32213.52885190384,4,MORTGAGE,HOME_IMPROVEMENT,10,1,1
49,121427.6982459133,4860.687153066776,7,RENT,MEDICAL,9,0,1
50,20913.79649577049,11924.170118840866,11,RENT,EDUCATION,7,1,1
43,27446.432640091036,41373.905987250946,3,RENT,DEBT_CONSOLIDATION,15,0,1
28,49279.08129490367,28501.523166014544,2,MORTGAGE,VENTURE,8,0,1
22,37075.42305883787,12590.298808852858,4,RENT,EDUCATION,4,0,0
50,71848.68386148484,31699.230159364284,4,RENT,EDUCATION,11,0,0
59,139940.99755141267,27661.386058352655,4,MORTGAGE,VENTURE,5,0,0
56,81367.85644560977,23567.75509647178,1,MORTGAGE,HOME_IMPROVEMENT,2,0,0
55,21742.34143618153,43976.0399244876,0,MORTGAGE,DEBT_CONSOLIDATION,10,0,1
43,56756.93964523906,31388.51242852288,11,RENT,HOME_IMPROVEMENT,16,0,1
50,25797.338088485,18143.967715720246,5,MORTGAGE,HOME_IMPROVEMENT,13,0,1
25,24717.39093975528,36403.15757930532,2,OWN,HOME_IMPROVEMENT,7,0,1
21,55843.58090242179,40037.081595611075,1,MORTGAGE,HOME_IMPROVEMENT,3,0,1
39,55829.604028262904,7384.4840592237515,4,OWN,MEDICAL,11,0,0
47,122326.45833820853,10623.778047346459,5,MORTGAGE,MEDICAL,11,0,0
30,146728.50486154456,11297.761392494527,1,RENT,VENTURE,12,0,0
23,68256.92220569978,31722.107803621235,5,MORTGAGE,VENTURE,5,0,1
34,75755.29425193502,27930.700867291183,0,RENT,MEDICAL,12,0,1
25,129822.6267171828,28616.637282039293,2,MORTGAGE,DEBT_CONSOLIDATION,6,0,0
49,54858.07261241674,42453.25188664854,6,RENT,DEBT_CONSOLIDATION,12,0,0
57,40329.63457244824,35364.19591071416,1,RENT,HOME_IMPROVEMENT,10,0,1
21,130901.65104247456,7501.287754006677,3,OWN,VENTURE,3,0,0
34,26045.076237208516,16942.804544282786,8,RENT,HOME_IMPROVEMENT,16,1,1
30,100560.92722592404,20721.926785556632,9,MORTGAGE,EDUCATION,4,1,1
27,93059.07017068488,19026.34831614701,0,RENT,DEBT_CONSOLIDATION,9,0,0
45,64969.658175220255,30780.270193960805,0,RENT,DEBT_CONSOLIDATION,7,0,1
64,60974.63774265667,40351.40344003219,2,MORTGAGE,EDUCATION,18,0,0
63,120341.50440361077,15160.212931479884,4,MORTGAGE,DEBT_CONSOLIDATION,8,0,0
24,31235.199399131045,25730.716866110983,6,MORTGAGE,DEBT_CONSOLIDATION,6,0,1
25,50781.9602104801,35944.605142284185,7,RENT,DEBT_CONSOLIDATION,7,0,1
45,115218.33513895168,19897.376530350022,7,MORTGAGE,DEBT_CONSOLIDATION,9,0,0
23,91281.67588443514,9229.079521169722,5,MORTGAGE,EDUCATION,5,0,0
38,36638.46710936623,22422.891506341173,8,MORTGAGE,DEBT_CONSOLIDATION,3,0,1
39,134677.62985666783,4374.568391950224,2,MORTGAGE,HOME_IMPROVEMENT,17,0,0
52,71148.22005326691,42522.488522097905,1,OWN,DEBT_CONSOLIDATION,2,0,1
39,127622.88879188246,5217.311823383841,7,MORTGAGE,VENTURE,15,1,0
31,122402.69201860213,20853.63875577486,1,OWN,DEBT_CONSOLIDATION,13,0,0
20,101175.30804132465,24784.894226806624,0,MORTGAGE,EDUCATION,2,0,0
45,84282.5470683621,44368.06478835327,4,MORTGAGE,EDUCATION,16,0,0
33,147341.60924962838,9138.938416643014,10,RENT,DEBT_CONSOLIDATION,4,0,0
57,38845.45940937621,6920.555300331418,0,RENT,VENTURE,6,0,1
56,114270.24458164492,2374.364323689374,9,MORTGAGE,EDUCATION,6,1,0
30,44854.79119042257,8689.571785379998,10,RENT,HOME_IMPROVEMENT,11,0,0
55,63974.20369320529,10912.738099909708,3,RENT,DEBT_CONSOLIDATION,17,0,0
32,60130.836638515386,29114.980488072968,0,RENT,MEDICAL,3,0,1
62,143114.67840603399,11447.391986830216,1,RENT,VENTURE,13,0,0
22,145756.30311247578,2882.395033360984,4,OWN,DEBT_CONSOLIDATION,3,1,0
52,43792.00775051453,37544.58885660701,7,MORTGAGE,DEBT_CONSOLIDATION,16,0,1
25,22864.570838675543,17720.615143170573,7,MORTGAGE,VENTURE,7,0,1
29,113601.04515620471,17208.95752297156,5,RENT,EDUCATION,11,0,0
24,74338.69140316296,15006.598254220842,0,MORTGAGE,VENTURE,6,0,1
42,31549.23186138337,43941.050917296096,0,MORTGAGE,HOME_IMPROVEMENT,15,0,1
29,108888.03372501553,9314.962944299103,7,OWN,EDUCATION,5,0,1
63,90863.71867389097,40624.23674998911,1,MORTGAGE,DEBT_CONSOLIDATION,16,0,0
21,147467.1868601438,35402.543282015184,2,RENT,DEBT_CONSOLIDATION,3,1,1
32,49563.23446197926,5288.638086470462,4,MORTGAGE,EDUCATION,14,0,0
59,72517.12392245128,44429.351364536495,0,OWN,MEDICAL,9,1,1
21,90530.95444140497,13668.736432177453,1,MORTGAGE,DEBT_CONSOLIDATION,3,0,0
39,122920.99849893572,6239.065861963731,3,MORTGAGE,HOME_IMPROVEMENT,13,0,0
20,91349.02537360763,37660.51206740765,1,RENT,EDUCATION,2,0,1
56,99677.0209120534,32387.047948141095,0,MORTGAGE,HOME_IMPROVEMENT,7,0,0
28,49399.11670669229,28540.408652749735,7,MORTGAGE,VENTURE,6,0,1
36,130099.43465151278,8707.177139054125,10,RENT,VENTURE,9,0,0
28,75721.97110616186,22575.33299900636,1,MORTGAGE,DEBT_CONSOLIDATION,10,0,0
30,38324.75157783,35563.90915615019,8,RENT,MEDICAL,12,0,1
34,106344.42888570426,15055.829340185132,2,RENT,VENTURE,3,0,0
43,48091.75891408998,15402.662626146783,4,RENT,VENTURE,10,1,0
57,32683.126331108964,2135.058960069251,11,RENT,EDUCATION,1,1,0
54,132058.2980925554,9492.46627075132,8,MORTGAGE,VENTURE,19,0,0
49,79821.09438349715,39642.441880238875,9,RENT,DEBT_CONSOLIDATION,19,0,0
50,117406.88265045093,20995.099140421404,0,RENT,DEBT_CONSOLIDATION,13,0,1
24,57776.38277482616,44322.08346708066,0,MORTGAGE,VENTURE,6,0,1
63,122306.11753929663,19015.44243367308,13,MORTGAGE,DEBT_CONSOLIDATION,1,0,0
33,34551.67051279894,32753.017555550374,2,MORTGAGE,DEBT_CONSOLIDATION,15,0,1
30,66276.53859333086,14122.518844903352,2,MORTGAGE,VENTURE,12,0,0
28,147148.0363365587,17643.81456906014,7,MORTGAGE,VENTURE,10,0,0
53,123218.66312784079,10201.21746640847,10,RENT,DEBT_CONSOLIDATION,16,0,0
31,84643.27094090945,16923.681845473984,11,MORTGAGE,VENTURE,11,0,0
54,64171.071303045064,25531.213378087654,2,RENT,EDUCATION,6,0,1
54,133377.64100292197,44646.23388210773,11,MORTGAGE,HOME_IMPROVEMENT,11,1,1
20,90830.20868098704,30560.673662086785,0,RENT,VENTURE,2,0,1
59,118595.25232298444,10567.576039557503,0,MORTGAGE,HOME_IMPROVEMENT,15,0,0
41,118033.99844110133,3933.3419884366986,5,MORTGAGE,DEBT_CONSOLIDATION,1,0,0
48,22332.938213903937,7433.328696523956,0,MORTGAGE,DEBT_CONSOLIDATION,7,0,0
27,36412.991763039754,26189.873654741037,2,RENT,HOME_IMPROVEMENT,1,1,1
30,105751.81763131649,34901.89413912095,6,MORTGAGE,HOME_IMPROVEMENT,12,0,1
60,41010.57546716329,42438.02591393212,2,OWN,VENTURE,9,0,1
56,53214.13480522861,2680.3963958632953,1,MORTGAGE,VENTURE,13,0,0
33,143062.93404594893,24478.6860871604,1,RENT,HOME_IMPROVEMENT,11,0,1
49,92823.69358873855,22247.2963175966,3,RENT,VENTURE,6,0,0
54,117594.83590991513,30210.365944955272,3,OWN,DEBT_CONSOLIDATION,1,0,0
40,92537.49604174319,26061.890742009702,9,MORTGAGE,DEBT_CONSOLIDATION,7,0,0
56,91826.76992175428,31542.683475046662,8,MORTGAGE,VENTURE,12,0,0
24,32239.748316340727,30297.551144215184,3,OWN,DEBT_CONSOLIDATION,6,1,1
38,64676.2150391834,7031.504168891686,11,MORTGAGE,DEBT_CONSOLIDATION,17,0,0
33,56716.016829246524,36387.87028560494,0,MORTGAGE,EDUCATION,4,0,1
45,70794.68752976973,7299.000755801968,1,MORTGAGE,HOME_IMPROVEMENT,3,0,0
23,123784.74446916267,32036.816883992895,5,RENT,VENTURE,1,0,0
44,68351.24682919243,19894.25080854609,2,MORTGAGE,DEBT_CONSOLIDATION,18,1,0
64,78720.58650011875,24095.58158679371,23,RENT,DEBT_CONSOLIDATION,15,0,0
61,71659.58076309114,40841.81461815556,3,RENT,DEBT_CONSOLIDATION,8,0,1
44,32143.036356788427,40265.00023835992,9,RENT,HOME_IMPROVEMENT,1,0,1
37,77339.38057260189,37167.82114316627,3,RENT,DEBT_CONSOLIDATION,14,0,1
59,45429.205495786955,23936.3803596219,3,MORTGAGE,HOME_IMPROVEMENT,4,0,1
27,44274.02845049539,33658.31183575482,2,MORTGAGE,VENTURE,5,0,1
58,32224.69357645463,24054.573387308803,7,MORTGAGE,MEDICAL,13,0,1
59,66367.22663842942,39393.06154641543,4,RENT,DEBT_CONSOLIDATION,15,0,1
33,118472.64502262426,19319.360829014695,15,OWN,HOME_IMPROVEMENT,6,0,0
51,55937.41977584149,43720.1198098397,1,RENT,HOME_IMPROVEMENT,1,0,1
57,60605.38324511676,42089.87860384174,0,MORTGAGE,MEDICAL,19,0,1
52,103547.70549741507,33888.91263642677,2,OWN,MEDICAL,13,0,1
42,45459.305636299454,14014.883019571096,5,MORTGAGE,DEBT_CONSOLIDATION,6,0,0
34,136604.53095505945,7661.10431811011,11,MORTGAGE,EDUCATION,15,0,0
52,87624.76802270208,38752.24835400749,2,OWN,DEBT_CONSOLIDATION,16,0,1
44,78188.3822416282,9107.998303932334,6,RENT,DEBT_CONSOLIDATION,16,0,0
36,92516.62495079618,38733.21392688544,2,MORTGAGE,DEBT_CONSOLIDATION,10,0,0
52,41584.46074410541,23102.8952886315,5,MORTGAGE,HOME_IMPROVEMENT,9,0,1
21,99751.50802309292,19481.94170374848,3,RENT,HOME_IMPROVEMENT,3,0,0
33,67203.09576242135,40837.20348988045,1,MORTGAGE,DEBT_CONSOLIDATION,15,0,1
59,136634.22432540046,27965.59224923195,3,MORTGAGE,EDUCATION,17,0,0
59,41951.0468680992,26794.402306577864,30,MORTGAGE,DEBT_CONSOLIDATION,17,0,0
58,85916.64350250734,26026.9356188491,12,RENT,HOME_IMPROVEMENT,12,0,0
25,97754.64181797234,17960.28918883985,4,RENT,DEBT_CONSOLIDATION,7,0,0
25,24339.868232229557,35782.65345175247,4,MORTGAGE,DEBT_CONSOLIDATION,7,0,1
22,67280.10621829823,12870.33309267824,2,RENT,HOME_IMPROVEMENT,4,0,0
26,115242.58051110826,42372.483281774825,4,MORTGAGE,DEBT_CONSOLIDATION,8,0,0
27,126649.07596836652,40441.363817019315,9,MORTGAGE,HOME_IMPROVEMENT,9,0,0
61,60711.05932624671,16511.654004020624,6,MORTGAGE,DEBT_CONSOLIDATION,2,0,1
34,123817.12540975766,33366.94210276154,2,MORTGAGE,HOME_IMPROVEMENT,4,0,1
48,145808.26402344054,26648.59736133243,1,MORTGAGE,DEBT_CONSOLIDATION,19,0,0
52,131393.6116897622,16518.919985967088,1,RENT,EDUCATION,7,0,1
49,35293.718460712276,44506.430863804206,1,RENT,VENTURE,15,0,1
58,116164.94317112028,3085.2058714753607,0,MORTGAGE,DEBT_CONSOLIDATION,15,1,1
46,61556.688217270814,12863.779316715327,3,MORTGAGE,HOME_IMPROVEMENT,6,0,0
55,148494.07862356995,24363.18462777947,0,MORTGAGE,DEBT_CONSOLIDATION,3,0,0
48,83096.66781078532,24443.97914957825,1,MORTGAGE,HOME_IMPROVEMENT,6,0,0
57,35916.40678666234,27324.122222659258,4,OWN,DEBT_CONSOLIDATION,16,0,1
52,114274.1212435608,34322.07539698553,1,RENT,HOME_IMPROVEMENT,2,0,1
56,61991.4557902078,28809.546712329746,0,RENT,HOME_IMPROVEMENT,7,0,1
46,149620.16042061604,27812.10280270559,2,RENT,MEDICAL,11,0,1
52,147371.71952108783,4301.121905260861,1,MORTGAGE,HOME_IMPROVEMENT,7,0,0
23,105297.42234267549,18190.802374939827,4,MORTGAGE,HOME_IMPROVEMENT,4,0,0
41,36877.43836372328,11978.396807149707,0,MORTGAGE,HOME_IMPROVEMENT,7,0,0
21,109291.92969775377,13410.914798884944,3,MORTGAGE,MEDICAL,3,0,0
29,32093.96323980354,25836.51139663483,11,OWN,VENTURE,11,0,1
24,23817.340683311002,10578.728541973163,6,OWN,DEBT_CONSOLIDATION,5,0,1
29,126984.59800879318,14639.811343726593,4,RENT,VENTURE,11,0,0
52,47267.883198878575,12194.642466245625,11,MORTGAGE,HOME_IMPROVEMENT,5,0,0
57,69273.52640848266,42785.62655838237,7,MORTGAGE,VENTURE,19,0,0
32,146549.4606969025,42620.62648335709,0,RENT,VENTURE,3,0,0
50,63789.26524194342,28227.48701963022,3,MORTGAGE,DEBT_CONSOLIDATION,11,0,0
55,58543.671566830984,41754.466155471695,11,MORTGAGE,EDUCATION,7,0,0
64,139367.03995096078,35789.94375514005,2,RENT,DEBT_CONSOLIDATION,17,0,0
43,34397.29789146455,27367.75896047778,0,MORTGAGE,DEBT_CONSOLIDATION,9,0,1
34,118745.71331490214,2276.7140943622157,8,MORTGAGE,DEBT_CONSOLIDATION,9,0,0
48,148448.52366486064,35218.20030141437,9,RENT,EDUCATION,10,1,0
27,137168.48140070436,32206.99868830416,1,MORTGAGE,DEBT_CONSOLIDATION,9,0,0
24,104716.82943183537,28455.907091143803,4,RENT,DEBT_CONSOLIDATION,6,0,0
48,60827.90334905516,34698.245402346285,1,MORTGAGE,EDUCATION,5,0,1
23,53061.85755318117,24055.653085314927,5,RENT,DEBT_CONSOLIDATION,3,0,0
31,126503.16363328995,32275.58066681758,1,MORTGAGE,DEBT_CONSOLIDATION,8,0,0
64,134376.8488137204,42212.399729239216,2,MORTGAGE,DEBT_CONSOLIDATION,10,0,1
21,88306.53863094008,18159.61568138171,3,RENT,DEBT_CONSOLIDATION,3,0,0
46,51764.1923022406,32449.238900726894,3,MORTGAGE,HOME_IMPROVEMENT,3,0,1
50,34682.61709345256,22454.576174471225,6,MORTGAGE,DEBT_CONSOLIDATION,8,0,1
55,31333.330818138053,30999.185028001208,3,MORTGAGE,MEDICAL,9,0,1
55,113480.06815600123,34804.41342883766,2,MORTGAGE,EDUCATION,12,1,0
45,74615.43462020424,3954.4575187392265,5,MORTGAGE,DEBT_CONSOLIDATION,11,0,0
62,137696.78365612315,29803.81908979246,1,RENT,DEBT_CONSOLIDATION,2,1,1
46,116157.26909447928,11749.870929498617,2,RENT,HOME_IMPROVEMENT,18,0,0
24,44863.85432889627,30811.399125725373,1,MORTGAGE,EDUCATION,6,0,1
39,99791.06444604088,22138.19799515398,7,MORTGAGE,DEBT_CONSOLIDATION,2,0,0
30,76615.7090717607,35262.76790019015,12,RENT,DEBT_CONSOLIDATION,2,0,0
29,95042.4649999197,7306.235053840646,11,MORTGAGE,VENTURE,3,0,0
59,115948.98603400723,28931.86112121639,3,RENT,DEBT_CONSOLIDATION,16,0,0
57,124805.4645304928,13974.241343884749,1,MORTGAGE,DEBT_CONSOLIDATION,19,0,0
25,129685.85243287416,38678.225799215434,3,RENT,VENTURE,4,0,1
27,53016.73369436321,41920.49074236122,9,RENT,EDUCATION,9,0,1
42,24045.027989256498,44845.12662819938,1,OWN,DEBT_CONSOLIDATION,18,0,1
45,116108.3155714205,36228.318304373184,18,RENT,EDUCATION,10,0,0
65,33824.684413250696,34410.56502840419,2,MORTGAGE,DEBT_CONSOLIDATION,11,0,1
62,60939.54651968579,11266.532631304695,25,RENT,EDUCATION,17,0,1
31,20496.22743616513,16448.303536574676,10,MORTGAGE,HOME_IMPROVEMENT,13,0,1
45,108617.03271221061,22024.349295778018,9,MORTGAGE,VENTURE,13,1,0
32,41727.16149125877,35255.38505463674,2,RENT,MEDICAL,2,0,1
59,105186.71325991556,41343.53219835265,0,MORTGAGE,MEDICAL,2,0,0
37,148926.54023181903,10132.981300988338,2,MORTGAGE,MEDICAL,14,0,0
44,29447.21330930212,41661.80184081443,2,MORTGAGE,HOME_IMPROVEMENT,4,0,1
52,30020.14155368989,31911.860051224496,0,MORTGAGE,DEBT_CONSOLIDATION,17,0,1
59,64249.412046667734,28263.14141945666,4,MORTGAGE,HOME_IMPROVEMENT,13,0,1
62,132630.24685267446,10593.174665123399,3,RENT,EDUCATION,4,1,0
31,48018.88294287314,4387.576410793474,6,RENT,VENTURE,3,0,0
63,66849.11659094518,26443.990635841415,5,MORTGAGE,DEBT_CONSOLIDATION,12,0,0
55,28905.702861507343,30015.174383142374,0,MORTGAGE,MEDICAL,8,0,1
23,119210.18786365562,11063.602322251594,5,RENT,VENTURE,2,0,0
24,73079.82455872864,25927.616850494625,1,MORTGAGE,MEDICAL,6,1,1
56,118702.33529790957,38829.21631879066,3,MORTGAGE,VENTURE,10,0,0
27,137469.01976508336,37907.83565456586,4,MORTGAGE,DEBT_CONSOLIDATION,9,0,0
61,50259.209123167544,41876.27276521078,10,RENT,DEBT_CONSOLIDATION,10,0,1
47,124961.48394419368,17733.089810945858,0,MORTGAGE,DEBT_CONSOLIDATION,10,0,0
50,27682.205710172926,15676.131619689504,3,RENT,DEBT_CONSOLIDATION,3,0,0
28,136850.16046343214,34225.318257174775,5,MORTGAGE,EDUCATION,10,0,0
48,104599.91118263715,20537.833419171213,1,MORTGAGE,VENTURE,9,0,0
33,133649.4741379857,5764.592553194567,5,MORTGAGE,VENTURE,15,0,0
59,20024.491942355646,14160.448618831488,15,RENT,EDUCATION,14,0,1
60,41980.53914627903,19999.038277854033,35,RENT,DEBT_CONSOLIDATION,2,0,0
41,70668.72036544397,14578.206295478836,0,MORTGAGE,DEBT_CONSOLIDATION,5,0,0
30,69335.37743871342,16284.839550734829,1,MORTGAGE,DEBT_CONSOLIDATION,8,0,0
42,49474.949780056384,14632.363965498802,2,RENT,DEBT_CONSOLIDATION,7,0,1
20,69609.55218273602,3784.4641888724163,2,MORTGAGE,HOME_IMPROVEMENT,2,0,0
65,36750.33256003313,29395.072135451028,1,RENT,DEBT_CONSOLIDATION,11,0,1
56,73658.9468045834,27683.57407519918,1,RENT,DEBT_CONSOLIDATION,12,0,0
40,124306.06279070434,30095.490434583266,18,RENT,DEBT_CONSOLIDATION,18,0,0
45,82279.10820343567,10269.325529445981,15,RENT,EDUCATION,19,0,0
65,22340.01156287795,14713.145289336868,0,RENT,HOME_IMPROVEMENT,10,0,0
55,74787.72540530216,28643.48485863166,2,MORTGAGE,HOME_IMPROVEMENT,14,1,1
42,23532.75209180974,27783.98544377662,3,MORTGAGE,HOME_IMPROVEMENT,3,0,1
20,145611.64339188376,23772.203302233516,1,MORTGAGE,MEDICAL,2,0,0
59,36569.01472497296,17067.76975043849,5,RENT,DEBT_CONSOLIDATION,15,0,0
34,111999.48242298044,41256.033205311665,6,RENT,HOME_IMPROVEMENT,6,0,0
40,146460.92197597114,16610.12041885028,11,RENT,EDUCATION,10,0,0
28,127385.07671665434,21591.62372680182,8,RENT,HOME_IMPROVEMENT,10,0,0
28,110910.99876640648,31158.894731030974,4,MORTGAGE,MEDICAL,7,0,0
29,129129.9182350997,25349.921527270857,6,MORTGAGE,DEBT_CONSOLIDATION,11,0,0
45,147633.83012388158,16916.09698366858,1,RENT,HOME_IMPROVEMENT,1,1,1
60,100774.78464295884,20732.725989629922,5,RENT,DEBT_CONSOLIDATION,18,0,0
54,92694.02488781244,36162.67516770076,4,RENT,EDUCATION,15,0,1
44,101670.95436022658,13959.553685924335,0,RENT,DEBT_CONSOLIDATION,19,0,0
45,89247.86527900214,8116.975310403063,1,MORTGAGE,DEBT_CONSOLIDATION,1,0,0
30,102561.58376826344,15466.017678680415,2,RENT,HOME_IMPROVEMENT,5,0,0
57,78479.48703643269,38529.97126597976,15,MORTGAGE,HOME_IMPROVEMENT,15,0,1
21,48397.61377482992,5826.557738822907,1,MORTGAGE,DEBT_CONSOLIDATION,3,1,0
26,35632.13944651783,44642.93115501543,2,MORTGAGE,EDUCATION,1,0,1
37,28884.32161919385,25263.12465388949,2,MORTGAGE,EDUCATION,8,0,1
46,54231.05188791601,44348.36699058504,6,MORTGAGE,DEBT_CONSOLIDATION,12,1,1
53,25996.0633636454,42376.846149697034,0,RENT,HOME_IMPROVEMENT,19,0,1
46,93732.20138952012,21470.989711069422,18,MORTGAGE,EDUCATION,12,1,1
36,56897.69811305764,10535.116208030011,12,MORTGAGE,HOME_IMPROVEMENT,13,0,0
62,127189.52505131418,9090.045392300954,5,RENT,DEBT_CONSOLIDATION,1,1,0
63,29651.31348849024,12319.542646408172,6,MORTGAGE,DEBT_CONSOLIDATION,19,0,0
43,49425.69426439317,32535.703544275104,0,MORTGAGE,EDUCATION,6,0,1
44,114931.99912171897,13736.849773453978,2,MORTGAGE,MEDICAL,8,1,0
26,97845.07852985388,16681.286592984827,8,RENT,EDUCATION,4,0,0
25,28383.86526239178,21297.488571768437,0,RENT,DEBT_CONSOLIDATION,5,0,1
43,134041.12943108607,41269.00525812262,1,MORTGAGE,HOME_IMPROVEMENT,7,0,0
52,134044.02916740335,10143.916969048383,5,RENT,VENTURE,4,0,0
48,62953.0405038506,2216.141762221534,1,MORTGAGE,DEBT_CONSOLIDATION,4,0,0
62,64252.75963544341,4584.145646261317,16,MORTGAGE,MEDICAL,15,0,0
41,148573.6865855226,40904.95269224507,0,RENT,MEDICAL,5,0,0
45,101402.90230710797,29843.207988264614,9,MORTGAGE,DEBT_CONSOLIDATION,9,0,0
47,89071.14767384768,13740.746631095692,4,MORTGAGE,MEDICAL,2,0,0
40,128959.78386175018,9619.277543481217,8,RENT,DEBT_CONSOLIDATION,7,0,0
26,57087.74398645113,14653.469675395916,2,MORTGAGE,VENTURE,8,0,0
36,75793.73714152639,6936.267871805045,4,MORTGAGE,HOME_IMPROVEMENT,16,0,0
39,54810.96781348344,42485.915142230966,11,MORTGAGE,HOME_IMPROVEMENT,17,1,1
60,122590.91005653508,35720.86549770647,3,MORTGAGE,EDUCATION,2,0,0
39,94535.41493257834,21882.82060723925,2,MORTGAGE,VENTURE,11,0,0
41,105647.25911820917,39193.39201995368,4,MORTGAGE,DEBT_CONSOLIDATION,2,1,1
47,52799.94247912285,12726.702784608988,7,MORTGAGE,HOME_IMPROVEMENT,1,0,0
59,48629.28917905096,32836.18444430432,3,MORTGAGE,DEBT_CONSOLIDATION,2,0,1
26,83488.70176778204,38813.69745759097,8,OWN,DEBT_CONSOLIDATION,8,0,0
20,115883.54738206748,17341.054599800722,2,MORTGAGE,DEBT_CONSOLIDATION,2,1,0
51,88281.16847762083,34570.97115438086,3,RENT,HOME_IMPROVEMENT,15,0,0
32,24243.938080936918,14688.111018365302,8,MORTGAGE,DEBT_CONSOLIDATION,10,0,1
49,132911.69582163752,14850.856816138325,7,MORTGAGE,DEBT_CONSOLIDATION,15,0,0
42,28409.296156967102,6603.458677830001,11,RENT,DEBT_CONSOLIDATION,10,0,0
38,144257.1828836978,20922.495999904146,20,OWN,DEBT_CONSOLIDATION,17,0,0
51,23268.454576045453,33377.611979389156,3,RENT,HOME_IMPROVEMENT,9,0,1
49,110278.55929699214,42429.49463956525,0,RENT,MEDICAL,18,0,0
48,30686.918282531617,27963.27065295113,0,OWN,DEBT_CONSOLIDATION,4,0,1
64,138387.95532656816,39114.828122636776,7,MORTGAGE,MEDICAL,9,0,0
48,80376.32070932057,37367.26991947977,12,RENT,EDUCATION,16,0,0
49,37878.090726212,9453.751277937077,1,MORTGAGE,EDUCATION,4,0,0
35,64306.04097268006,22890.149443243154,1,MORTGAGE,EDUCATION,16,1,1
59,41427.20779507907,7027.712027591833,0,RENT,VENTURE,19,0,0
38,42175.6485024217,31332.585947150303,10,OWN,DEBT_CONSOLIDATION,1,0,1
37,143254.0816222875,42845.68573458127,2,MORTGAGE,HOME_IMPROVEMENT,6,1,1
20,77881.99459702245,7894.84669738653,2,MORTGAGE,EDUCATION,2,0,1
33,122544.29430769675,33556.974624509276,4,MORTGAGE,HOME_IMPROVEMENT,15,0,0
21,103148.72295309864,29186.24048731802,3,MORTGAGE,VENTURE,3,0,1
47,107935.427103991,27095.01659134829,6,RENT,DEBT_CONSOLIDATION,13,0,0
49,37120.14700136501,18775.170091598586,5,RENT,EDUCATION,16,0,0
57,50443.978086013136,17270.660853413938,1,MORTGAGE,HOME_IMPROVEMENT,6,0,1
23,122277.5435700768,3945.7151278121783,4,MORTGAGE,DEBT_CONSOLIDATION,5,0,0
20,146199.6068417218,11370.07445483658,2,RENT,DEBT_CONSOLIDATION,2,0,0
27,54147.83353782472,2652.605938333557,9,MORTGAGE,EDUCATION,9,0,0
48,55303.939417635185,27000.935540026883,1,MORTGAGE,VENTURE,1,0,1
58,81476.62726541763,6551.6891427500805,0,RENT,HOME_IMPROVEMENT,11,0,0
22,147899.2406712069,39539.833943277794,0,RENT,VENTURE,4,0,1
51,54964.662957441236,24495.149889978104,2,RENT,HOME_IMPROVEMENT,14,0,0
29,72906.3482524543,32086.666089524464,10,MORTGAGE,DEBT_CONSOLIDATION,8,1,1
29,135892.40203105588,19666.854949141347,0,RENT,DEBT_CONSOLIDATION,11,0,0
38,20379.73424077706,26104.93178704509,3,MORTGAGE,DEBT_CONSOLIDATION,4,0,1
65,25169.575448514042,42534.34460956511,2,MORTGAGE,DEBT_CONSOLIDATION,7,0,1
53,98529.3180192585,5557.563703817843,0,MORTGAGE,DEBT_CONSOLIDATION,10,0,0
52,137959.4214126701,12919.324192718934,3,RENT,EDUCATION,19,0,0
42,51051.365852250594,35539.4980571534,1,MORTGAGE,EDUCATION,4,0,1
47,81053.43070849217,6245.699895954632,2,MORTGAGE,DEBT_CONSOLIDATION,2,0,0
51,78560.48921551637,5253.427467876767,7,OWN,DEBT_CONSOLIDATION,18,0,0
26,81486.27499241632,17546.280146423658,4,MORTGAGE,DEBT_CONSOLIDATION,8,1,0
48,100927.56044486687,5963.222214314589,0,MORTGAGE,HOME_IMPROVEMENT,16,0,0
27,81066.68918878889,27158.37301486673,9,MORTGAGE,DEBT_CONSOLIDATION,9,0,1
20,78170.85837191952,11729.835785113792,2,RENT,DEBT_CONSOLIDATION,2,0,1
22,81657.49465606386,40515.01241757301,4,RENT,MEDICAL,4,0,1
43,96812.7673652354,35690.503476346035,0,RENT,VENTURE,14,0,1
42,89810.97348567659,32087.323862277477,0,MORTGAGE,DEBT_CONSOLIDATION,4,1,1
27,131037.67969456555,28528.593177533585,0,RENT,HOME_IMPROVEMENT,9,0,1
56,26434.59095417666,39129.026404682925,1,RENT,DEBT_CONSOLIDATION,2,0,1
22,128331.21929149162,11591.668646338545,3,OWN,VENTURE,4,0,0
52,129710.19963952413,39543.68023886179,16,RENT,HOME_IMPROVEMENT,9,1,1
47,57038.04279902491,35948.16883223425,3,RENT,DEBT_CONSOLIDATION,19,0,1
27,80170.75415206057,34170.91553467048,2,RENT,EDUCATION,9,0,1
53,77010.00350986661,26133.994157221736,4,MORTGAGE,DEBT_CONSOLIDATION,16,0,0
54,48406.278466036936,12588.498921735803,0,MORTGAGE,DEBT_CONSOLIDATION,18,0,0
51,71583.59012122115,20212.56038765154,5,RENT,DEBT_CONSOLIDATION,11,0,0
43,25770.410382211077,36123.538145168466,5,MORTGAGE,HOME_IMPROVEMENT,7,0,1
33,56116.86946162547,3366.474827364951,9,MORTGAGE,DEBT_CONSOLIDATION,9,0,0
51,126168.68280859335,35628.18307834161,25,MORTGAGE,DEBT_CONSOLIDATION,4,0,0
65,56993.09922917668,12323.04184096536,1,OWN,DEBT_CONSOLIDATION,13,1,0
62,126366.86693727218,8205.29563102893,4,MORTGAGE,DEBT_CONSOLIDATION,4,0,0
35,89107.930398576,6975.156681752993,14,MORTGAGE,VENTURE,17,0,0
23,134382.1480569508,3171.7505138850497,5,RENT,DEBT_CONSOLIDATION,2,0,0
56,94721.34205437398,24514.218864522474,4,RENT,DEBT_CONSOLIDATION,9,0,0
40,23856.868998416176,11385.174525830367,17,RENT,EDUCATION,12,0,1
33,107804.62698112159,44545.565928524156,0,MORTGAGE,VENTURE,2,0,1
50,25830.963843063924,26700.780502504847,16,MORTGAGE,VENTURE,6,0,1
37,78577.61246780743,7929.066582308448,0,MORTGAGE,HOME_IMPROVEMENT,5,0,0
26,140825.47028150482,31616.78925488871,4,RENT,DEBT_CONSOLIDATION,5,0,1
29,41476.51211392052,40602.973359918185,11,MORTGAGE,EDUCATION,5,0,1
26,70683.40588240072,34042.71830089342,1,OWN,EDUCATION,4,0,1
52,114881.84015030219,5286.91402469625,3,MORTGAGE,DEBT_CONSOLIDATION,9,0,0
42,134693.6122923302,40523.01979128436,2,MORTGAGE,MEDICAL,10,0,0
40,107222.59061652602,36138.963591978485,18,MORTGAGE,DEBT_CONSOLIDATION,16,0,0
38,53562.523044851994,8807.067704541416,10,OWN,MEDICAL,10,0,0
38,107699.0208791081,4226.793215511125,7,MORTGAGE,VENTURE,10,0,0
55,58574.5933435317,25964.354738515267,5,MORTGAGE,EDUCATION,19,1,1
48,113395.79987643559,8709.539887619007,10,RENT,MEDICAL,10,0,0
37,144024.30658605526,37887.410961596695,2,RENT,EDUCATION,6,0,0
21,113781.14864381748,17408.39023688197,3,MORTGAGE,DEBT_CONSOLIDATION,3,0,0
20,132174.46537861362,41254.37512367274,2,RENT,HOME_IMPROVEMENT,2,0,0
24,20273.499612864845,26324.591402063248,2,OWN,DEBT_CONSOLIDATION,6,0,1
39,113284.37621510727,9854.91252230573,0,RENT,DEBT_CONSOLIDATION,15,0,1
30,127846.38239248254,8002.751296471404,0,MORTGAGE,EDUCATION,12,0,0
61,25272.635880808586,26788.31481498342,0,RENT,DEBT_CONSOLIDATION,18,0,1
21,133307.70454746997,34760.99531008508,3,RENT,DEBT_CONSOLIDATION,3,0,0
22,53370.24968030596,35604.742852913834,3,OWN,HOME_IMPROVEMENT,4,0,1
42,106487.97325714718,13857.568390975095,7,RENT,VENTURE,16,0,1
31,124046.13427304286,10782.610633223201,2,RENT,DEBT_CONSOLIDATION,13,0,0
39,106146.38669771621,2720.5210931724437,1,RENT,DEBT_CONSOLIDATION,3,0,0
24,31997.02296952344,31205.563501650282,2,MORTGAGE,DEBT_CONSOLIDATION,6,0,1
56,97521.79745184789,5292.435112642176,9,RENT,EDUCATION,2,0,0
57,91445.87537387866,20092.73167593481,5,MORTGAGE,DEBT_CONSOLIDATION,4,0,0
49,137041.76484965527,27872.333052786733,16,MORTGAGE,EDUCATION,6,0,0
28,72551.16485374719,42295.68463154611,6,MORTGAGE,DEBT_CONSOLIDATION,10,0,1
53,61740.54262131652,15407.491889098052,5,MORTGAGE,DEBT_CONSOLIDATION,14,0,0
63,117480.59937674062,12740.20298520035,5,MORTGAGE,MEDICAL,16,0,0
54,73647.79239084155,30128.88663430223,17,RENT,DEBT_CONSOLIDATION,19,1,0
41,103992.50275065818,28627.27837830401,9,MORTGAGE,HOME_IMPROVEMENT,2,0,0
63,104038.5117161989,16280.720682249357,0,RENT,DEBT_CONSOLIDATION,17,1,1
43,135445.07836681532,41908.37892692082,4,MORTGAGE,HOME_IMPROVEMENT,9,0,0
36,97830.01230148265,38329.080082054206,6,MORTGAGE,HOME_IMPROVEMENT,17,1,1
29,85279.9692950583,11631.24947219849,8,MORTGAGE,DEBT_CONSOLIDATION,11,0,0
49,38053.272431547215,12283.129453684496,1,MORTGAGE,DEBT_CONSOLIDATION,7,0,1
65,35045.8888682317,24028.914916144466,12,RENT,DEBT_CONSOLIDATION,19,0,1
42,40061.803486800316,35263.600374420974,18,MORTGAGE,EDUCATION,3,0,1
51,42340.30257252228,3893.736313703969,1,MORTGAGE,VENTURE,1,0,0
36,102924.02204627241,31813.411610592386,12,RENT,HOME_IMPROVEMENT,4,0,0
36,116327.56253569521,29874.14358743017,0,MORTGAGE,HOME_IMPROVEMENT,18,0,0
33,88898.89798043443,11953.644124258493,0,MORTGAGE,DEBT_CONSOLIDATION,8,0,1
28,127772.30523091383,31298.179569377997,0,OWN,DEBT_CONSOLIDATION,10,0,0
59,148864.21947537232,42427.877223839554,0,MORTGAGE,DEBT_CONSOLIDATION,6,0,0
21,126601.64178551629,4011.7913337860464,3,RENT,DEBT_CONSOLIDATION,1,0,0
64,110334.7085778747,15745.038377558689,0,RENT,DEBT_CONSOLIDATION,8,0,0
44,89224.05092682906,20841.598816653277,1,MORTGAGE,HOME_IMPROVEMENT,1,0,0
58,78350.89931771207,40668.195433761655,0,MORTGAGE,HOME_IMPROVEMENT,19,0,1
28,30971.009470790505,43377.24220419374,2,RENT,MEDICAL,10,1,1
41,71917.93729130982,21096.955599342287,0,RENT,DEBT_CONSOLIDATION,15,0,0
62,138317.50278167747,34251.22172211422,6,MORTGAGE,EDUCATION,11,0,0
65,125042.94188785188,24861.42402187277,0,RENT,VENTURE,19,0,0
23,48086.67745151934,25124.66619387919,5,RENT,HOME_IMPROVEMENT,5,0,1
45,80659.01201063806,13958.279147853327,10,RENT,DEBT_CONSOLIDATION,12,0,0
48,126174.0163326108,11329.11857214682,0,RENT,DEBT_CONSOLIDATION,1,0,0
64,28759.99212211793,14384.22987473377,13,MORTGAGE,DEBT_CONSOLIDATION,7,0,0
53,70361.03613692572,25922.10431205441,0,MORTGAGE,DEBT_CONSOLIDATION,17,0,0
42,130739.36079361319,3253.672998949827,1,RENT,EDUCATION,10,0,0
56,72506.72234211609,41011.704607325446,0,RENT,DEBT_CONSOLIDATION,6,0,0
30,30089.903815087313,8720.199510640377,2,RENT,DEBT_CONSOLIDATION,12,0,1
25,90529.4679091927,11463.813105469622,4,MORTGAGE,EDUCATION,7,0,0
37,132026.5243393784,24285.875587248793,9,RENT,VENTURE,5,0,0
40,96737.12058391076,32534.934952503012,2,MORTGAGE,HOME_IMPROVEMENT,18,0,0
61,49416.28406785014,6116.349354009084,7,MORTGAGE,EDUCATION,17,0,0
55,69951.15061785957,15660.871994527974,1,RENT,DEBT_CONSOLIDATION,16,1,0
60,78516.03695365119,43653.00803969736,8,RENT,DEBT_CONSOLIDATION,8,0,1
57,95304.62599666849,13280.747571580665,1,RENT,DEBT_CONSOLIDATION,13,1,0
53,118715.6333478397,15461.156237715315,0,MORTGAGE,HOME_IMPROVEMENT,16,0,0
36,32853.5702932826,37969.43509657544,1,MORTGAGE,MEDICAL,11,0,1
56,135654.76429228362,4159.220562689576,1,RENT,DEBT_CONSOLIDATION,6,1,0
44,21600.261392089826,21978.366258785747,4,OWN,HOME_IMPROVEMENT,3,0,1
57,68106.80350765318,18323.52087142182,11,RENT,DEBT_CONSOLIDATION,1,0,0
31,23564.640296445494,15613.230676072,0,MORTGAGE,HOME_IMPROVEMENT,13,0,1
42,71086.64929488787,14285.082543924875,7,MORTGAGE,DEBT_CONSOLIDATION,5,1,1
61,88355.63785353208,5929.086508997596,6,MORTGAGE,DEBT_CONSOLIDATION,13,0,0
41,86518.58025559652,15537.5106621209,12,MORTGAGE,VENTURE,10,0,0
40,41531.685113674495,3851.2533167737483,1,MORTGAGE,HOME_IMPROVEMENT,5,0,0
46,103946.2663124296,35581.446136710714,3,MORTGAGE,HOME_IMPROVEMENT,14,1,0
50,25821.19856560687,19123.795140194503,15,MORTGAGE,DEBT_CONSOLIDATION,17,0,1
25,119047.886617214,21087.864789756197,6,MORTGAGE,DEBT_CONSOLIDATION,1,0,0
46,143063.776419161,40424.56721735566,2,RENT,DEBT_CONSOLIDATION,2,0,1
59,64169.947529645324,30296.36430603249,0,RENT,VENTURE,7,0,1
53,87241.11962286315,2346.541443711151,1,MORTGAGE,MEDICAL,10,0,0
31,69258.33614764587,42556.517387335254,5,MORTGAGE,HOME_IMPROVEMENT,7,0,1
64,20872.350739527796,12197.212037041581,7,MORTGAGE,DEBT_CONSOLIDATION,16,0,1
26,70163.68537636507,6627.40994467393,0,MORTGAGE,VENTURE,5,0,0
29,122923.63370397504,35029.511670377935,5,MORTGAGE,HOME_IMPROVEMENT,11,0,0
64,97478.54948385264,23520.52458226888,4,MORTGAGE,HOME_IMPROVEMENT,17,0,0
36,33163.78889997066,20652.134338774755,4,MORTGAGE,DEBT_CONSOLIDATION,16,0,1
45,130128.13366019206,12728.632426357895,7,MORTGAGE,EDUCATION,16,0,0
40,89041.09483508157,25541.274064079702,10,RENT,HOME_IMPROVEMENT,19,0,1
47,129424.0370268079,13798.53802371126,2,RENT,VENTURE,15,1,0
65,95428.79744205382,40768.069227343905,13,MORTGAGE,VENTURE,12,0,0
21,92759.49782893219,11253.79262852729,1,RENT,DEBT_CONSOLIDATION,3,0,0
62,33683.69407561161,40027.2714695974,1,OWN,EDUCATION,2,0,1
20,41756.76530802163,26054.43330627635,1,RENT,VENTURE,2,0,1
55,146363.28334455684,37624.989757495365,0,RENT,DEBT_CONSOLIDATION,13,1,1
45,49703.2770781202,32652.377822021066,1,OWN,DEBT_CONSOLIDATION,3,1,1
48,147068.77533874783,31957.889791780188,0,MORTGAGE,DEBT_CONSOLIDATION,15,0,0
40,89148.65184815424,15946.869730887396,10,RENT,HOME_IMPROVEMENT,1,0,0
30,37652.57611831183,12057.568053304749,0,MORTGAGE,DEBT_CONSOLIDATION,3,0,0
59,32909.28635798008,11068.107790273889,8,MORTGAGE,HOME_IMPROVEMENT,10,0,0
30,47152.3291917462,38859.241253562315,0,MORTGAGE,DEBT_CONSOLIDATION,12,0,1
55,140332.85290329365,37278.353271137865,17,RENT,VENTURE,6,0,0
58,73839.52916266948,20944.661704529215,7,MORTGAGE,DEBT_CONSOLIDATION,15,0,0
59,71406.45483907887,7693.398380347548,0,MORTGAGE,DEBT_CONSOLIDATION,7,0,0
54,60716.81393912262,18436.846835030712,8,RENT,HOME_IMPROVEMENT,5,0,0
53,39118.040573656486,28631.76852788719,4,MORTGAGE,HOME_IMPROVEMENT,4,0,1
43,83420.65563501284,21539.335642637972,9,MORTGAGE,DEBT_CONSOLIDATION,18,0,0
41,36906.21172644803,35548.138544768786,4,MORTGAGE,DEBT_CONSOLIDATION,3,0,1
24,128612.4307297026,44897.78135680957,6,MORTGAGE,DEBT_CONSOLIDATION,6,0,1
52,68151.60821578983,10218.679803302564,9,RENT,EDUCATION,18,0,0
55,68724.46381163353,21764.985245361615,3,RENT,VENTURE,18,0,0
39,81620.83570281026,20532.307782595348,0,MORTGAGE,HOME_IMPROVEMENT,2,0,0
38,77736.60271154772,15093.178908204885,11,MORTGAGE,EDUCATION,13,0,0
54,149331.5364977118,10518.107218972451,2,MORTGAGE,EDUCATION,15,1,1
62,90899.54575837933,4824.761009055346,4,MORTGAGE,DEBT_CONSOLIDATION,5,0,0
36,31466.221492683188,40146.130640619034,0,RENT,MEDICAL,3,0,1
64,98894.05440500089,20053.49400051166,4,RENT,VENTURE,5,0,0
62,39705.958073084395,23366.507295502102,25,MORTGAGE,DEBT_CONSOLIDATION,5,1,0
53,24021.893815074458,41428.50807263938,1,RENT,DEBT_CONSOLIDATION,5,0,1
28,146196.47997804225,35380.49053318576,3,MORTGAGE,DEBT_CONSOLIDATION,3,0,0
45,120560.05589949331,7611.554357038921,6,RENT,DEBT_CONSOLIDATION,3,0,0
21,147414.16901378968,26313.058607132923,3,MORTGAGE,EDUCATION,3,0,0
28,82124.19824289152,21016.847890341043,3,RENT,HOME_IMPROVEMENT,4,0,1
28,89193.4790493669,36280.0761208868,2,MORTGAGE,VENTURE,1,0,1
59,41883.80426948693,33141.99954731381,16,MORTGAGE,EDUCATION,16,0,1
36,52097.965466786125,31687.446042176096,6,RENT,EDUCATION,8,0,1
20,129011.39793736767,16643.427925635566,0,RENT,EDUCATION,2,0,0
44,66304.13412528724,36613.440407167946,0,RENT,DEBT_CONSOLIDATION,8,0,1
62,127485.94659353446,4252.825710579033,3,MORTGAGE,DEBT_CONSOLIDATION,7,0,0
59,112171.78415731413,8863.870761583192,1,RENT,EDUCATION,8,0,0
61,43032.22028534251,16431.800738050202,1,MORTGAGE,DEBT_CONSOLIDATION,12,0,0
44,85968.02759556648,5302.719965979095,12,OWN,DEBT_CONSOLIDATION,16,0,0
58,108060.35179743319,12104.753933991738,0,MORTGAGE,VENTURE,12,0,0
54,50554.83792449726,37696.49226891048,7,RENT,EDUCATION,19,0,1
22,127989.50636761,42774.81612497341,1,OWN,DEBT_CONSOLIDATION,4,0,1
56,90827.59548087428,15097.901298290191,8,RENT,EDUCATION,7,0,0
63,41481.46655753841,13374.179571520044,7,MORTGAGE,VENTURE,12,0,0
63,95787.97540139832,14035.384046596357,0,MORTGAGE,DEBT_CONSOLIDATION,5,0,0
49,149962.79454026883,13941.920756086285,4,MORTGAGE,DEBT_CONSOLIDATION,16,0,0
57,39567.79391624376,3544.9978339968384,0,MORTGAGE,MEDICAL,9,0,0
53,126178.40091553866,41857.402892237646,12,RENT,DEBT_CONSOLIDATION,7,0,0
31,46950.17041438253,11189.02008752412,12,RENT,DEBT_CONSOLIDATION,13,0,0
38,121710.48282981134,20060.17518550041,3,MORTGAGE,HOME_IMPROVEMENT,11,1,0
56,115495.13000578372,2416.5359578616126,3,RENT,VENTURE,7,1,0
63,59063.62012805621,38892.06890934746,2,OWN,DEBT_CONSOLIDATION,10,0,1
36,62357.00528337848,33439.76581156144,7,OWN,DEBT_CONSOLIDATION,9,1,1
29,123027.78095517949,42710.50951246924,2,MORTGAGE,DEBT_CONSOLIDATION,4,0,0
31,79987.91654535064,35609.46560544516,1,MORTGAGE,MEDICAL,13,0,0
35,115006.34373253514,15489.380018238806,3,MORTGAGE,DEBT_CONSOLIDATION,10,1,0
43,39237.93915755852,12658.554425322216,0,OWN,HOME_IMPROVEMENT,19,0,0
38,130832.51164720196,32001.801224791598,8,MORTGAGE,MEDICAL,17,0,0
27,112415.01316870148,17656.849325451476,0,MORTGAGE,DEBT_CONSOLIDATION,9,0,0
50,137902.5651485284,26347.245677362513,6,RENT,MEDICAL,13,0,0
40,37208.409274546415,2269.07125413822,1,RENT,MEDICAL,1,0,0
36,97091.8850468777,4661.085172260436,1,MORTGAGE,VENTURE,2,0,0
42,97885.67605524228,25020.821470811003,6,MORTGAGE,DEBT_CONSOLIDATION,13,1,1
56,65949.89627108173,26341.0807972711,29,MORTGAGE,EDUCATION,9,0,0
35,79600.63519400351,34312.47661175177,9,RENT,VENTURE,7,0,0
25,24937.60322768095,7674.508743830354,1,RENT,MEDICAL,7,1,1
27,116961.80502151157,24066.872601541487,1,RENT,DEBT_CONSOLIDATION,9,0,0
44,91411.92232241262,10361.24871056261,12,RENT,VENTURE,7,0,0
37,27506.336742992593,6007.433141195872,3,RENT,DEBT_CONSOLIDATION,6,0,0
44,108498.26608486312,19651.319144603847,0,MORTGAGE,DEBT_CONSOLIDATION,18,0,0
31,80681.67004005442,9023.47586782946,11,MORTGAGE,HOME_IMPROVEMENT,13,0,0
34,24479.96372525,11536.625062269699,10,MORTGAGE,VENTURE,11,0,0
45,146049.0044902524,15654.846934388575,24,RENT,HOME_IMPROVEMENT,12,0,0
60,143384.57860162726,13153.701231957439,14,RENT,HOME_IMPROVEMENT,10,0,0
64,86677.31409913568,5766.4257884556955,11,MORTGAGE,MEDICAL,13,0,0
45,32177.414691768325,5866.398528967198,0,MORTGAGE,DEBT_CONSOLIDATION,12,0,0
51,118100.75880781694,10309.724855069231,0,RENT,EDUCATION,10,0,0
29,83951.04301374478,4174.045082260175,5,MORTGAGE,DEBT_CONSOLIDATION,11,0,0
35,59318.17217761939,28937.651846107867,4,RENT,DEBT_CONSOLIDATION,4,0,0
26,83884.36307871237,14355.048809882785,3,MORTGAGE,EDUCATION,5,1,1
36,87917.73890271038,14029.076614070054,3,MORTGAGE,MEDICAL,5,0,0
42,93152.52087290409,16275.926652223901,3,RENT,HOME_IMPROVEMENT,12,0,0
45,77359.08277519245,30500.23979101803,5,MORTGAGE,VENTURE,3,0,1
40,98748.18940807736,39437.25690379009,0,RENT,DEBT_CONSOLIDATION,8,1,1
41,139435.51237882907,34640.73809989245,1,MORTGAGE,DEBT_CONSOLIDATION,2,0,1
26,67094.85132281686,33283.75689967908,4,MORTGAGE,HOME_IMPROVEMENT,8,0,1
33,114343.14021859338,22828.820980836517,7,MORTGAGE,DEBT_CONSOLIDATION,9,0,0
34,136278.83238715018,31833.638949598706,1,MORTGAGE,DEBT_CONSOLIDATION,13,0,0
26,79277.30584879179,25768.781825444075,4,MORTGAGE,HOME_IMPROVEMENT,7,0,0
28,77649.25872964752,11298.772712020742,7,RENT,DEBT_CONSOLIDATION,10,0,0
27,98275.20809612134,10969.299812865182,3,MORTGAGE,DEBT_CONSOLIDATION,9,0,1
42,96882.87872492346,14744.856295637188,0,RENT,HOME_IMPROVEMENT,15,0,0
48,124856.614502416,41164.51485170197,3,RENT,HOME_IMPROVEMENT,5,0,1
37,81942.83989117805,25538.838136328213,2,MORTGAGE,MEDICAL,12,0,1
50,149495.98345312735,33557.93121108039,15,RENT,EDUCATION,1,0,0
49,27731.3039527465,16902.026672111548,0,RENT,HOME_IMPROVEMENT,12,0,1
58,20411.820315491226,19531.778138604685,6,MORTGAGE,MEDICAL,6,0,1
54,103225.78050275109,7399.319881401809,0,RENT,VENTURE,19,0,0
37,58796.53860704397,9365.683186331826,3,MORTGAGE,DEBT_CONSOLIDATION,19,0,0
61,51249.71053093289,37576.33185752426,4,RENT,DEBT_CONSOLIDATION,16,0,1
58,60546.88040055646,27148.06116262193,2,RENT,EDUCATION,19,0,1
36,53286.18346364406,16513.896033004214,3,RENT,HOME_IMPROVEMENT,3,0,1
33,24002.70645585822,36522.60198680848,1,MORTGAGE,VENTURE,10,0,1
50,146299.29551077652,12600.355942433269,2,MORTGAGE,EDUCATION,18,1,0
43,48696.91349886163,43969.40603980876,5,RENT,EDUCATION,13,0,1
54,115423.86913660982,16827.1571330853,2,RENT,MEDICAL,18,0,0
63,119137.53131024279,16504.371028502785,13,OWN,HOME_IMPROVEMENT,3,0,0
64,140803.46174093982,15412.211938078324,5,RENT,DEBT_CONSOLIDATION,3,0,0
53,23971.429422139398,7250.795184744381,3,MORTGAGE,VENTURE,12,0,0
22,133366.283998111,6778.897335276533,0,RENT,DEBT_CONSOLIDATION,4,0,0
56,88539.40350917402,29868.516484967306,4,MORTGAGE,VENTURE,8,1,1
62,102230.73429555763,39630.07591599602,8,RENT,MEDICAL,9,1,1
59,103781.13602573438,35992.38194168196,1,MORTGAGE,EDUCATION,14,0,0
45,126573.71464801457,8067.626542918097,9,MORTGAGE,HOME_IMPROVEMENT,5,0,0
42,63342.95188068436,25460.031237058858,1,MORTGAGE,HOME_IMPROVEMENT,19,0,1
63,115296.65468179915,6540.43647699552,10,RENT,DEBT_CONSOLIDATION,16,0,0
58,88715.15426388562,3947.66967536233,0,MORTGAGE,DEBT_CONSOLIDATION,12,1,0
34,123141.2218596952,30224.59195354499,12,MORTGAGE,EDUCATION,4,0,0
23,148770.98426011734,25011.550348255063,4,RENT,VENTURE,5,0,0
48,46084.63226248896,5527.018464093247,2,RENT,EDUCATION,7,0,0
41,149304.32340279972,3502.3875954575033,1,MORTGAGE,DEBT_CONSOLIDATION,15,0,0
44,31675.58005676062,44559.52577660139,3,RENT,HOME_IMPROVEMENT,6,1,1
32,20301.2812276258,3290.9172824100906,14,MORTGAGE,VENTURE,5,0,0
37,25741.051703118064,21114.714881156866,1,MORTGAGE,HOME_IMPROVEMENT,14,0,1
52,64431.71261577902,23698.61805813091,0,MORTGAGE,HOME_IMPROVEMENT,13,0,0
35,102277.82298819644,7043.0463554191365,5,OWN,VENTURE,10,0,0
64,28973.84031542045,9269.656472907798,4,OWN,EDUCATION,18,0,0
61,20736.555888843744,17127.615275645156,4,RENT,HOME_IMPROVEMENT,4,0,1
63,141821.83369964332,34752.062677187496,6,MORTGAGE,VENTURE,8,0,0
21,126850.46267219086,23804.544234591467,1,RENT,DEBT_CONSOLIDATION,3,1,1
54,125193.81224807404,29429.780605777345,14,MORTGAGE,MEDICAL,17,0,0
61,134975.15581525702,44362.50586889902,3,MORTGAGE,DEBT_CONSOLIDATION,18,0,0
53,111004.45546037357,35024.233718468015,0,RENT,DEBT_CONSOLIDATION,11,0,1
49,33572.53686725059,20677.54442007236,8,OWN,VENTURE,16,0,0
32,71883.02444958399,21197.002637251597,6,RENT,DEBT_CONSOLIDATION,12,0,0
32,114009.43324040184,28607.199312763216,2,MORTGAGE,EDUCATION,13,0,0
37,56443.47990289772,30610.703962012885,5,MORTGAGE,VENTURE,16,0,1
51,109362.82733771089,23530.569810976867,1,MORTGAGE,VENTURE,1,0,1
51,23184.798274794804,29729.032581044135,3,RENT,MEDICAL,16,0,1
54,59797.85431434712,3011.8972598062473,13,MORTGAGE,DEBT_CONSOLIDATION,15,0,0
58,91386.94371603245,20473.783147564296,0,MORTGAGE,EDUCATION,6,0,0
65,102171.6778358115,13994.3372711595,2,RENT,DEBT_CONSOLIDATION,12,0,0
48,95015.2863800484,7554.501145453747,10,MORTGAGE,HOME_IMPROVEMENT,8,1,0
48,110708.31588954583,6280.500050777331,20,RENT,VENTURE,7,1,1
63,20791.53727117908,27937.2631214307,3,MORTGAGE,DEBT_CONSOLIDATION,2,0,1
35,33122.35599707779,24514.823527562305,4,MORTGAGE,HOME_IMPROVEMENT,12,0,1
63,132962.75279628887,12904.117030843874,5,MORTGAGE,HOME_IMPROVEMENT,14,0,0
29,108627.32373172096,22250.852527218125,11,MORTGAGE,EDUCATION,11,0,0
49,34681.11354918147,23165.989552843555,11,MORTGAGE,MEDICAL,11,0,1
44,129469.6768618153,10385.38615886048,1,MORTGAGE,DEBT_CONSOLIDATION,9,0,0
58,51490.0583171937,30040.001660910977,3,RENT,HOME_IMPROVEMENT,10,0,1
39,82173.78494537905,35579.53232460189,3,RENT,VENTURE,17,0,1
24,38875.54667500584,36032.93225824932,6,MORTGAGE,HOME_IMPROVEMENT,6,0,1
20,112314.30733482186,27906.202720248566,2,MORTGAGE,DEBT_CONSOLIDATION,2,0,1
49,106691.07473185482,24000.459048317603,6,MORTGAGE,HOME_IMPROVEMENT,19,1,0
22,47444.6212515977,4623.3071492319805,4,RENT,DEBT_CONSOLIDATION,4,0,0
64,132242.09969141026,14376.745850619052,0,RENT,DEBT_CONSOLIDATION,9,0,0
33,72169.78314856258,6010.672211461306,1,RENT,VENTURE,6,0,0
49,58026.96183919643,43444.39591777437,3,OWN,HOME_IMPROVEMENT,16,0,0
23,39802.84663038961,7808.44628770771,2,MORTGAGE,MEDICAL,5,0,0
